play_music,user_manual,next_content,pre_content,end_of_content,middle_of_content,start_content,stop_content,restart_content,pause_content,resume_content,increase_volume,decrease_volume,default_volume,min_volume,max_volume,mute,un_mute,lastest_news,hottest_news,most_read_news,read_news
Mở bài hát Chúng ta của hiện tại,Tìm hướng dẫn sử dụng ứng dụng,Chuyển bài tiếp theo,Chuyển bài trước,Nhảy đến điểm cuối cùng của bài hát,Chuyển đến phần giữa của bài hát,Bật nhạc lên,Dừng bài hát,Bắt đầu lại bài hát,Tạm dừng bài hát,Tiếp tục bài hát,Tăng âm lượng lên một chút,Giảm âm lượng đi một chút,Hãy đưa âm lượng về mức trung bình,Vui lòng giảm âm lượng xuống mức thấp nhất,Hãy đưa âm lượng lên mức cao nhất,Tắt tiếng,Bật tiếng,Cập nhập những tin tức mới nhất,Cập nhập những tin tức nóng nhất,Cập nhập những tin tức được đọc nhiều nhất,Chọn cho tôi tin tức đầu tiên
Phát nhạc pop nổi tiếng nhất hiện nay,Ứng dụng của bạn có chức năng gì?,Phát bài tiếp theo,Phát bài trước,Xin vui lòng nhảy đến điểm cuối cùng của bài hát,Hãy chuyển đến phần giữa của bài hát,Bắt đầu đọc bản tin,Dừng phát nhạc,Quay lại điểm bắt đầu của bài hát,Hãy tạm dừng bài hát,Hãy tiếp tục bài hát,Nhấn mạnh âm lượng lên,Nhấn mạnh âm lượng xuống,Xin vui lòng chỉnh âm lượng về mức mặc định,Giảm âm lượng xuống cực thấp.,Tăng âm lượng lên tối đa.,Tắt âm đi.,Bật âm thanh lên.,Tìm kiếm tin tức mới nhất,Tìm kiếm tin tức nóng nhất,Tìm kiếm tin tức được đọc nhiều nhất,Tôi muốn đọc tin tức đầu tiên
Tìm bài hát ballad buồn nhất của năm ngoái,Làm cách nào để tôi bắt đầu sử dụng ứng dụng của bạn?,Hãy chuyển bài tiếp theo,Hãy chuyển bài trước,Chuyển đến cuối bài nghe nhạc,"Chuyển đến giữa bài viết, được không?",Mở nhạc và phát bài hát đầu tiên,Vui lòng dừng bài hát,Hãy bắt đầu lại bài hát,Tạm dừng đọc tin tức ngay lập tức.,Phát nhạc,Tăng âm lượng lên tối đa,Giảm âm lượng xuống tối thiểu,Mong bạn đưa âm lượng về trung bình,Đặt âm lượng ở mức thấp nhất.,Cho âm thanh to nhất có thể.,Làm im lặng đi.,Làm to tiếng nhạc.,1 số tin tức mới nhất,1 số tin tức nóng nhất,1 số tin tức được đọc nhiều nhất,Đọc tóm tắt của tin đầu tiên cho tôi
Nghe nhạc rock Việt chất lượng cao,Có hướng dẫn sử dụng ứng dụng không?,Bài hát tiếp theo,Trở lại,Cuối bài nhạc ngay,Lướt đến đoạn giữa của trang tin tức,Bắt đầu nội dung mới trong tin tức,Hãy dừng phát nhạc,Mong bạn quay lại điểm bắt đầu của bài hát,"Dừng lại, tôi muốn nghỉ một chút.",Tiếp tục,Hãy nâng âm lượng một chút lên,Vui lòng giảm âm lượng một chút đi,Hãy điều chỉnh âm lượng về mức mặc định,Âm lượng cực kỳ thấp.,Đặt âm lượng ở mức cao nhất.,Tắt tiếng báo giùm.,Cho tiếng to lên.,Tin tức mới nhất hôm nay là gì,Tin tức nóng nhất hôm nay là gì,Tin tức được đọc nhiều nhất hôm nay là gì,Chọn tin tức đầu tiên bạn tìm thấy
Tìm playlist nhạc EDM sôi động,Làm thế nào để đăng ký tài khoản trên ứng dụng của bạn?,Chuyển bài,Bài trước,Bỏ qua và chuyển đến phần kết thúc bài hát,Nhảy đến giữa bài hát,Chơi danh sách nhạc từ đầu đến cuối,Dừng nhạc,Phát lại,"Tạm dừng phát nhạc, làm ơn.",Đọc tiếp câu chuyện,Nhấn mạnh âm lượng lên nữa,Nhấn mạnh âm lượng xuống nữa,Đặt âm lượng ở mức trung bình.,Cho âm thanh thấp nhất.,Âm lượng cực kỳ cao.,Không cần tiếng báo nữa.,Bật nhạc lên.,Hãy cho tôi biết về tin tức mới nhất hôm nay,Hãy cho tôi biết về tin tức nóng nhất hôm nay,Hãy cho tôi biết về tin tức được đọc nhiều nhất hôm nay,"Tôi quan tâm đến tin tức đầu tiên, hãy đọc nó cho tôi"
Phát nhạc rap mới nhất của các nghệ sĩ nổi tiếng,Tôi có thể đăng nhập vào tài khoản của mình bằng cách nào?,Bài tiếp theo,Quay lại phần trước,Nhảy đến phần cuối khi đọc tin tức,Đến phần trung tâm của bản tin cho tôi,"Bắt đầu đọc bài viết, tôi muốn nghe",Dừng danh sách phát,Phát lại bài hát,Dừng lại ở đây trong bài hát.,"Tiếp tục đọc tin tức từ đây, được không?",Tăng âm lượng,Giảm âm lượng,Âm lượng vừa đủ.,Làm nhỏ âm lượng tới mức thấp nhất.,Làm to tiếng lên tới mức cao nhất.,Tắt tiếng nhạc.,Tăng âm lượng lên.,Hãy cho tôi biết về tin tức gần đây nhất hôm nay,Hãy cho tôi biết về tin tức nóng nhất hôm nay,Hãy cho tôi biết về tin tức được đọc nhiều nhất hôm nay,Cập nhật và chọn cho tôi tin tức đầu tiên
Nghe album nhạc jazz thư giãn,Ứng dụng của bạn có hỗ trợ ngôn ngữ nào?,Chuyển bài hát,Đọc lại phần trước,Chuyển đến cuối trang báo,Chuyển đến đoạn giữa của trang đọc,Mở nhạc và bắt đầu từ đầu danh sách,Tắt nhạc đi,"Bắt đầu lại bản tin từ đầu, làm ơn.","Ngừng đọc bản tin, tôi sẽ tiếp sau.",Hãy đọc tiếp nội dung của đoạn này.,"Tăng âm lượng lên một chút, làm ơn.",Giảm âm lượng xuống.,Đặt âm lượng ở mức trung bình vừa.,Đặt âm lượng ở mức cực thấp.,Đặt âm lượng ở mức cực cao.,Dừng tiếng nhạc lại.,Bật tiếng nhạc đi.,Cho tôi biết về tin tức gần nhất,Cho tôi biết về tin tức gần nhất,Cho tôi biết về tin tức được đọc nhiều nhất,Đọc đoạn mô tả của tin tức đầu tiên
Tìm bài hát hòa tấu guitar du dương,Làm cách nào để tìm kiếm nội dung trên ứng dụng?,Tiếp theo,Nghe lại phần trước,"Cuối bài, vui lòng",Nhảy đến nơi giữa bài hát đang phát,Bắt đầu phát nhạc từ đầu danh sách phát,"Dừng đọc bài viết, làm ơn.",Nghe lại bài hát từ đầu đi.,Tạm dừng đọc bài mới tại đây.,Nghe tiếp bài hát từ điểm dừng trước đó đi.,Lớn tiếng một chút khi đọc bài báo đi.,Nhỏ tiếng đi.,Âm lượng ở mức trung bình nhé.,Âm lượng nhỏ nhất có thể.,Âm lượng lớn nhất có thể.,Không cần tiếng nhạc nữa.,Làm to âm thanh nhạc.,Tìm kiếm tin gần đây nhất,Tìm kiếm tin nóng nhất,Tìm kiếm tin được đọc nhiều nhất,Chọn tin tức đầu tiên trong danh sách
Phát danh sách nhạc nhẹ nhàng để thư giãn buổi tối,Có chức năng tìm kiếm nâng cao không?,Sang phần tiếp theo,Trở về trang trước,Skip đến phần cuối cùng của bài hát,Lướt nhanh đến giữa đoạn tin tức,Mở tin tức và đọc từ đầu tới cuối,Ngừng phát nhạc ngay lập tức.,Bắt đầu lại đọc bài viết từ đầu.,Dừng lại và chờ lệnh mới.,Nghe tiếp bài hát từ đây nha.,"Tăng âm thanh lên một chút cho tôi, được không?",Làm nhỏ âm lượng đi.,Làm cho âm thanh ở mức trung bình.,Làm yếu tiếng đến mức thấp nhất.,Làm mạnh cường độ âm lượng tới mức cao nhất.,Im đi.,Bật tiếng nhạc ngay.,Cập nhập cho tôi tin tức mới đây,Cập nhập cho tôi tin tức nóng nhất,Cập nhập cho tôi tin tức được đọc nhiều nhất,Tôi muốn biết nội dung của tin tức đầu tiên bạn đã tìm thấy
Nghe nhạc phim nổi tiếng trong các bộ phim kinh điển,Làm cách nào để sắp xếp nội dung trên ứng dụng của bạn?,Đọc tiếp,Đọc lại đoạn vừa rồi,Nghe cuối bài nhạc,Chuyển đến phần trung tâm của nội dung,Bắt đầu nội dung mới,Tạm dừng nội dung tin tức.,Chơi lại nhạc từ đầu danh sách.,Tạm dừng nội dung ngay bây giờ.,Tiếp tục đọc đoạn kế tiếp đi.,Lớn tiếng lên một tí khi đang nghe nhạc.,Giảm âm thanh xuống.,Đặt âm lượng ở mức trung bình xíu.,Giảm cường độ âm lượng tới mức thấp nhất.,Tăng cường âm lượng tới mức cao nhất.,Tắt tiếng âm nhạc.,Tăng cường âm lượng.,Tìm hiểu về tin tức mới nhất,Tìm hiểu về tin tức nóng nhất,Tìm hiểu về tin tức được đọc nhiều nhất,Hãy đọc cho tôi tin đầu tiên trong danh sách
Tìm bài hát Indie mới và nổi bật,Tôi có thể tùy chỉnh cài đặt cá nhân không?,Nghe tiếp,Quay lại tin tức trước đó,Nhảy tới phần cuối của trang đọc tin tức,"Đến giữa bản tin, tôi cần thông tin",Phát bài hát đầu tiên trong danh sách,"Chấm dứt đọc trang báo, được không?",Lắng nghe lại tin tức từ đầu.,Dừng nhạc ngay từ đoạn này.,Đọc tiếp nội dung của đoạn trước.,"Tăng âm lượng để có thể nghe rõ hơn, xin cảm ơn.",Làm nhỏ hơn.,Giữ âm lượng ở mức trung bình.,Đặt âm lượng ở mức thấp nhất có thể.,Đặt âm lượng ở mức cao nhất có thể.,Tắt loa ngay lập tức.,Bật loa lớn lên.,Kể tôi nghe về tin tức mới nhất,Kể tôi nghe về tin tức nóng nhất,Kể tôi nghe về tin tức được đọc nhiều nhất,Chọn cho tôi tin tức thứ hai
Phát nhạc điện tử trong phong cách tropical house,Làm cách nào để tạo danh sách yêu thích?,Đến phần sau,Nghe lại bài hát trước đó,Chuyển đến kết thúc bài hát,chuyển đến đoạn giữa trang,Mở bản tin và bắt đầu đọc nó,Dừng nhạc và chuyển sang chế độ chờ.,Phát lại bài hát từ đầu đi.,Tạm dừng đọc trang tin tức.,Đọc tiếp đoạn văn bản sau đây đi.,Làm ơn tăng âm lượng để nghe rõ hơn đi.,Giảm tiếng xuống một chút.,Âm lượng trung bình vừa.,Hạ âm lượng xuống tối thiểu.,Làm lớn âm lượng tới tối đa.,Ngừng phát nhạc ngay đi.,Bật tiếng bài hát.,Tìm cho tôi tin tức vài giờ trước,Tìm cho tôi tin tức nóng,Tìm cho tôi tin tức được đọc nhiều nhất,Đọc tóm tắt của tin thứ hai cho tôi
Nghe nhạc K-pop của các nhóm nhạc nữ hàng đầu,Có cách nào để lưu nội dung để xem sau không?,Tiếp tục đọc,Đến trang/chương trước,Skip đến phần cuối cùng của đoạn tin,"Lùi về phần giữa của bài viết, được không?","Bắt đầu từ đầu trang tin tức, được không?","Ngừng đọc tin tức, tôi cần nghỉ.",Bắt đầu lại đọc trang tin tức.,Dừng lại và chờ lệnh tiếp theo.,Nghe tiếp bài hát từ điểm dừng trước đó.,Tăng âm thanh lên một chút khi đọc tin tức đi.,Cho âm thanh nhỏ hơn.,Đặt cường độ âm lượng ở mức trung bình.,Giảm độ lớn tới mức thấp nhất.,Tăng độ lớn âm lượng tới mức cao nhất.,Làm yên đi.,Làm to bản nhạc.,Kể cho tôi những tin tức mới xảy ra,Kể cho tôi những tin tức nóng đã xảy ra,Kể cho tôi những tin tức được đọc nhiều nhất đã xảy ra,"Tôi muốn biết về tin tức thứ hai, hãy chọn và đọc nó cho tôi"
Tìm album nhạc kịch đầy cảm xúc,Làm cách nào để chia sẻ nội dung từ ứng dụng của bạn?,Bỏ qua phần này,Quay về nội dung trước đó,Cuối bài hát,Tìm trang giữa của tin tức,Chơi nhạc và bắt đầu từ đầu album,Dừng nhạc ngay vài giây nữa.,Nghe lại danh sách nhạc từ đầu.,Tạm dừng đọc bài viết tại đây.,Tiếp tục đọc bài báo từ đoạn này đi.,Lớn tiếng một chút khi đang nghe bài hát đi.,Làm nhỏ âm lượng xuống.,Đặt âm lượng ở mức trung bình hơn chút.,Giảm âm lượng tới mức thấp nhất có thể.,Tăng âm lượng tới mức cao nhất có thể.,Tắt tiếng nhạc giùm.,Bật tiếng lên đi.,Cung cấp cho tôi tin tức mới nhất,Cung cấp cho tôi tin tức nóng nhất,Cung cấp cho tôi tin tức được đọc nhiều nhất,Cập nhật và chọn tin thứ hai trong danh sách
Phát danh sách nhạc disco sôi động,Tôi có thể đánh giá và đánh giá nội dung không?,Chuyển sang nội dung mới hơn,Nghe lại đoạn nhạc trước đó,Nghe phần kết thúc của nhạc,Chuyển đến phần trung tâm của nội dung,Mở nội dung mới và đọc cho tôi,"Ngừng nội dung đang đọc, làm ơn.",Mở lại nội dung và đọc lại.,"Dừng nhạc, tôi muốn nghỉ ngơi.","Tiếp tục từ nơi tạm dừng trước đó, xin cảm ơn.",Tăng âm lượng để có trải nghiệm nghe tốt hơn.,Giảm cường độ âm lượng.,Âm lượng trung bình thôi.,Đặt âm lượng ở mức nhỏ nhất.,Đặt âm lượng ở mức lớn nhất.,Tắt âm nhạc giùm.,Làm to nhạc ngay.,Những tin tức gì đang xảy ra gần đây,Những tin tức nóng đang diễn ra hiện tại,Những tin tức được đọc nhiều nhất đang diễn ra hiện tại,Hãy đọc tin tức thứ hai cho tôi
Nghe nhạc classical của các nhà soạn nhạc nổi tiếng,Có cách nào để báo cáo nội dung không phù hợp không?,Đọc tin mới hơn,Quay lại bài viết trước,Chuyển đến cuối bản tin,nhảy đến giữa bài hát ngay lập tức,"Bắt đầu đọc tin tức, tôi muốn nghe",Dừng đọc bản tin ngay tại đây.,"Chơi lại nhạc từ đầu, làm ơn.",Ngừng phát nhạc ngay bây giờ.,Tiếp tục đọc tin tức từ đoạn này đi.,Làm ơn làm cho âm thanh to hơn chút.,Đặt âm lượng thấp hơn.,Đặt âm thanh ở mức trung bình nhất.,Âm lượng cực thấp là tốt nhất.,Âm lượng cực cao là tốt nhất.,Không cần tiếng nhạc nữa.,Bật loa to lên.,Tiêu điểm tin tức gần đây,Tiêu điểm tin tức nóng nhất,Tiêu điểm tin tức được đọc nhiều nhất,Chọn tin thứ hai bạn đã tìm thấy để đọc
Tìm bài hát nhạc Latin nóng hổi,Làm cách nào để cập nhật thông tin cá nhân của tôi?,Nghe bài hát khác,Đọc lại đoạn văn trước đó,Nhảy đến kết thúc bài nhạc,Lướt đến trung tâm của trang đọc,Phát nhạc và bắt đầu từ đầu danh sách,"Ngừng phát nhạc, làm ơn.",Bắt đầu lại bài mới trong danh sách nhạc.,Dừng lại ở đây trong bài báo.,Nghe tiếp playlist từ bài hát trước đó.,Tăng âm lượng một chút khi đọc phần này.,Hạ âm lượng xuống.,Âm lượng ở mức trung bình một chút.,Cho tiếng nhỏ nhất có thể.,Tăng âm lượng lên tối đa đi.,Tắt loa đi.,Bật loa với âm thanh mạnh mẽ.,Đưa tôi tin tức mới nhất,Đưa tôi tin tức nóng nhất,Đưa tôi tin tức được đọc nhiều nhất,Đọc đoạn mô tả của tin thứ hai trong danh sách
Phát nhạc R&B Soul của các ca sĩ nổi tiếng,Tôi có thể thay đổi ngôn ngữ và cài đặt khác không?,Bỏ qua bài hát này,Trở lại nội dung trước,Bỏ qua và chuyển đến cuối trang đọc tin tức,Kéo xuống và chuyển đến đoạn giữa trang tin,Bắt đầu bản tin mới nhất,Dừng lại ở đây trong bài hát.,"Nghe lại bản tin từ đầu, được không?","Tạm dừng đọc tin tức, làm ơn.",Đọc tiếp đoạn văn bản sau đây đi.,Lớn tiếng lên một chút khi đang nghe playlist.,Giảm độ lớn.,Đặt độ lớn âm lượng ở mức trung bình.,Đặt cường độ âm lượng ở mức thấp nhất.,Đặt cường độ âm lượng ở mức cao nhất.,Dừng âm thanh ngay.,Làm lớn tiếng nhạc ngay.,Diễn biến tin tức mới nhất gần đây,Diễn biến tin tức nóng nhất,Diễn biến tin tức được đọc nhiều nhất,Tôi muốn biết nội dung của tin thứ hai bạn đã tìm thấy
Nghe nhạc country với giai điệu cảm động,Làm thế nào để đổi mật khẩu của tôi?,Chuyển sang bài hát tiếp theo,Nghe lại phần trước trong danh sách phát,Chuyển đến phần kết thúc của bản tin,"Chuyển đến trung tâm nội dung, ngay bây giờ",Mở danh sách nhạc và chơi từ đầu,Tạm dừng nội dung ngay lập tức.,Phát lại nhạc từ đầu bài hát.,Dừng lại và chờ lệnh mới.,Tiếp tục tin tức từ nơi tạm dừng.,Tăng âm thanh để tin tức trở nên rõ ràng hơn.,Giảm âm lượng một chút nữa.,Âm lượng ở mức trung bình là được.,Âm lượng ở mức thấp nhất vừa.,Âm lượng ở mức cao nhất vừa.,Làm yên lặng đi.,Bật tiếng nhạc với âm lượng cao.,Kể cho tôi những tin tức đang diễn ra,Kể cho tôi những tin tức nóng nhất đang diễn ra,Kể cho tôi những tin tức được đọc nhiều nhất đang diễn ra,Chọn tin tức thứ hai từ danh sách và đọc nó cho tôi
Tìm playlist nhạc dành cho buổi tiệc nhỏ,Tôi có thể đăng xuất tài khoản của mình không?,Tiếp tục nghe nhạc,Quay lại bài báo trước,Nghe cuối cùng của bài hát,Kéo xuống và chuyển đến đoạn giữa trang báo,"Bắt đầu đọc bài mới, được không?",Ngừng đọc tin tức tại đây.,"Bắt đầu lại đọc bài viết, làm ơn.",Tạm dừng phát nhạc ngay lập tức.,Chuyển đến đoạn văn bản tiếp theo.,Làm ơn tăng âm lượng để nghe nhạc phê hơn đi.,Làm yếu tiếng đi.,Đặt âm lượng ở mức trung bình một tí.,Giảm âm thanh tới mức thấp nhất.,Làm to tiếng lên tới mức cao nhất có thể.,Tắt nhạc giúp.,Bật tiếng nhạc mạnh mẽ.,Tìm hiểu cho tôi tin tức đang diễn ra,Tìm hiểu cho tôi tin tức nóng nhất đang diễn ra,Tìm hiểu cho tôi tin tức được đọc nhiều nhất đang diễn ra,"Tôi quan tâm đến tin tức thứ hai, hãy chọn và đọc cho tôi"
Phát nhạc lo-fi chill để làm việc,Có cách nào để khôi phục lại mật khẩu nếu tôi quên không?,Nghe nội dung khác,Chuyển về mục trước đó,"Cuối bài, xin cảm ơn",Chuyển đến giữa bài viết một cách nhanh chóng,Mở nhạc và bắt đầu từ đầu danh sách,Dừng nhạc ngay từ đoạn này.,Chơi lại bài hát từ đầu danh sách.,Ngừng đọc bản tin tại đây.,Nghe tiếp nhạc từ điểm tạm dừng trước.,Tăng âm lượng lên một tí khi đọc nội dung này.,Đặt âm lượng ở mức thấp hơn.,Âm lượng ở mức trung bình vừa phải.,Làm nhỏ tiếng đến mức thấp nhất.,Tăng cường âm thanh tới mức cao nhất.,Không muốn nghe nhạc nữa.,Bật tiếng nhạc mạnh lên.,Tìm hiểu cho tôi tin tức mới đây,Tìm cho tôi tin tức nóng nhất  ,Tìm cho tôi tin tức được đọc nhiều nhất,Đọc tóm tắt của tin thứ ba cho tôi
Tìm bài hát nhạc đồng quê Việt Nam phát triển gần đây,Làm thế nào để xóa tài khoản của mình?,Đọc tin tức khác,Quay lại đoạn tin tức trước,Skip đến cuối bài nhạc,Đến đoạn trung tâm của trang tin tức,Bắt đầu nội dung từ đầu,Tạm dừng đọc bài viết tại đây.,Nghe lại tin tức từ đầu đến cuối.,"Dừng lại, tôi sẽ tiếp sau.","Hãy đọc tiếp từ nơi dừng lại, xin cảm ơn.",Lớn tiếng lên một chút khi đang nghe bản tin.,Giảm âm thanh một chút nữa.,Giữ cường độ âm lượng ở mức trung bình.,Đặt âm lượng ở mức nhỏ nhất có thể.,Đặt âm lượng ở mức cao nhất nhé.,Ngừng phát âm thanh.,Bật nhạc với tiếng lớn.,Cập nhập những bản tin mới nhất,Cập nhập những tin tức nóng hổi nhất,Cập nhập những tin tức được đọc nhiều nhất,Chọn cho tôi tin thứ ba trong danh sách
Nghe nhạc hiphop của các nghệ sĩ nổi tiếng trên thế giới,Tôi có thể đăng nhập vào nhiều tài khoản khác nhau không?,Sang phần tiếp theo của bài viết,Đọc lại phần trước của trang web,Chuyển đến cuối bài đọc tin,Tìm nhanh đoạn giữa của bài viết,Chơi nhạc và bắt đầu từ bài đầu tiên,Ngừng phát nhạc ngay bây giờ.,"Bắt đầu lại đọc bản tin, làm ơn.",Tạm dừng đọc bài mới tại đây.,Đọc tiếp từ đoạn văn bản kế tiếp đi.,Tăng âm thanh để có trải nghiệm nghe tốt hơn.,Đặt mức âm lượng thấp hơn.,Đặt âm lượng ở mức trung bình như trước.,Giữ âm lượng ở mức thấp nhất.,Âm lượng cao nhất là được.,Làm im lặng âm thanh.,Làm to nhạc ngay lập tức.,Tìm kiếm bản tin mới nhất,Tìm kiếm tin tức nóng hổi nhất,Tìm kiếm tin tức được đọc nhiều nhất,"Tôi muốn biết về tin tức thứ ba, hãy chọn và đọc nó cho tôi"
Tìm danh sách nhạc được yêu thích trong thập kỷ 90,Có chức năng nhắc nhở hoặc thông báo không?,Tiếp tục đọc trang web,Nghe lại đoạn trước trong podcast,Cuối bài,nhảy đến giữa bài hát ngay từ đầu,Mở bản tin và đọc từ đầu đến cuối,"Dừng lại, tôi muốn xem thêm ở đây.",Nghe lại danh sách nhạc từ đầu.,Dừng lại và chờ lệnh mới.,"Tiếp tục từ nơi dừng lại, làm ơn.",Làm ơn làm cho âm thanh to hơn một chút.,Làm nhỏ tiếng đi một tí.,Âm lượng ở mức trung bình ổn.,Âm lượng ở mức thấp nhất xíu.,Làm to đến mức cao nhất có thể.,,Bật loa với âm lượng cao.,1 số bản tin mới nhất,1 số tin tức nóng hổi nhất,1 số tin tức được đọc nhiều nhất,Cập nhật và đọc tin thứ ba cho tôi
Phát nhạc indie rock của các ban nhạc độc lập,Làm cách nào để tôi tìm được hỗ trợ hoặc liên hệ với nhóm hỗ trợ của bạn?,Nghe phần tiếp theo của podcast,Trở lại đoạn trước đó,Nhảy tới phần kết thúc của đoạn tin tức,Chuyển đến trang giữa của trang tin tức,Bắt đầu từ đầu trang tin tức,"Tạm dừng nội dung, làm ơn.",Chơi lại nhạc từ đầu danh sách.,Tạm dừng nội dung ngay bây giờ.,Nghe tiếp nhạc từ bài hát trước đó đi.,Tăng âm lượng để bài hát trở nên sống động hơn.,Giảm âm lượng một chút nhé.,Đặt âm thanh ở mức trung bình xíu.,Hạ âm lượng xuống tối đa mức thấp nhất.,Tăng âm lượng lên tối đa mức cao nhất.,,,bản tin mới nhất hôm nay là gì,Tin tức nóng hổi nhất hôm nay là gì,Tin tức được đọc nhiều nhất hôm nay là gì,Hãy chọn tin tức thứ ba từ danh sách và đọc nó cho tôi
Tìm bài hát nhạc phim nổi tiếng của Marvel,Tôi có thể tham gia vào cộng đồng hoặc diễn đàn của ứng dụng không?,Chuyển đến đoạn sau,Quay lại bài hát trước,Chuyển đến phần kết thúc của bài hát,"Lướt về trung tâm của nội dung đọc, được không?",Phát nhạc và bắt đầu từ đầu danh sách,Ngừng đọc tin tức ngay từ đoạn này.,Bắt đầu lại đọc trang tin tức.,Dừng nhạc ngay từ đoạn này.,Nghe tiếp bài hát từ điểm tạm dừng trước.,Lớn tiếng lên một chút khi đang nghe nhạc đi.,Giảm yếu âm lượng xuống.,Giữ âm lượng ở mức trung bình ổn định.,Giảm cường độ âm lượng tới mức nhỏ nhất.,Tăng cường cường độ âm lượng tới mức lớn nhất.,,,Hãy cho tôi biết về bản tin mới nhất hôm nay,Hãy cho tôi biết về tin tức nóng hổi nhất hôm nay,Hãy cho tôi biết về tin tức được đọc nhiều nhất hôm nay,Chọn tin thứ ba bạn đã tìm thấy để đọc
Nghe nhạc điện tử trong phong cách trance,Có cách nào để tôi đề xuất tính năng mới cho ứng dụng của bạn không?,Đọc đoạn tiếp theo,Đến phần nội dung trước đó,Nghe phần cuối cùng của nhạc,Nhảy đến phần trung tâm của bài viết đang đọc,"Bắt đầu đọc bài viết mới, được không?","Dừng nhạc, tôi cần tạm nghỉ.",Mở lại nội dung và đọc lại.,Tạm dừng đọc trang tin tức.,Hãy đọc tiếp phần nội dung này đi.,Tăng âm thanh để có thể nghe rõ nội dung hơn.,Giảm độ lớn của âm thanh.,Âm lượng ở mức trung bình như bình thường.,Đặt âm lượng ở mức thấp nhất nhé.,Đặt âm lượng ở mức cao nhất vừa.,,,Hãy cho tôi biết về bản tin gần đây nhất hôm nay,Hãy cho tôi biết về tin tức nóng hổi nhất hôm nay,Cho tôi biết về tin tức được đọc nhiều nhất,Đọc đoạn mô tả của tin thứ ba trong danh sách
Tìm album nhạc jazz ghi dấu ấn trong lịch sử,Làm thế nào để tôi báo cáo lỗi hoặc vấn đề kỹ thuật?,Tiếp tục nghe đoạn sau,Nghe lại đoạn trước trong audiobook,Bỏ qua và chuyển đến cuối trang tin tức,"Chuyển đến giữa bản tin, mình đang cần đọc",Mở nội dung mới và đọc cho tôi,Tạm dừng đọc bài mới tại đây.,Phát lại bài hát từ đầu đi.,Dừng lại và chờ lệnh tiếp theo.,Tiếp tục tin tức từ đoạn trước đó.,Làm ơn tăng âm lượng để tin tức rõ ràng hơn.,Đặt âm lượng ở mức thấp hơn xíu.,Đặt cường độ âm lượng ở mức trung bình hơn chút.,Âm lượng thấp nhất là được.,Âm lượng cao nhất là đủ.,,,Cho tôi biết về bản tin gần nhất,Cho tôi biết về tin tức gần nhất,Tìm kiếm tin được đọc nhiều nhất,Tôi muốn biết nội dung của tin thứ ba bạn đã tìm thấy
Phát nhạc nhẹ nhàng để thư giãn sau một ngày dài,Tôi có thể yêu cầu tính năng cụ thể không?,Đến phần nội dung mới,Chuyển về bài viết trước,Chuyển đến cuối bài hát ngay,"Nhảy đến giữa đoạn đang đọc, được không?",Chơi danh sách nhạc từ đầu đến cuối,Dừng lại và chờ lệnh tiếp theo.,Bắt đầu lại bài mới trong danh sách nhạc.,Tạm dừng đọc bài viết tại đây.,Tiếp tục tin tức từ nơi tạm dừng trước đó.,Tăng âm lượng lên một chút khi đọc phần này.,Làm nhỏ hơn một chút.,Âm lượng trung bình là tốt rồi.,Giảm độ lớn tiếng xuống tới mức thấp nhất.,Làm mạnh độ lớn tiếng lên tới mức cao nhất.,,,Tìm kiếm tin gần đây nhất,Tìm kiếm tin nóng hổi nhất,Cập nhập cho tôi tin tức được đọc nhiều nhất,Chọn và đọc tin thứ ba cho tôi
Nghe nhạc pop-rock của các nghệ sĩ mới nổi,Có cách nào để tôi cập nhật ứng dụng lên phiên bản mới nhất không?,Nghe nội dung tiếp theo trong danh sách phát,Đọc lại đoạn văn bản trước đó,Skip đến cuối bản tin,Lướt nhanh và chuyển đến giữa đoạn tin tức,Bắt đầu từ đầu bản tin,"Ngừng phát nhạc, làm ơn.","Nghe lại bản tin từ đầu, làm ơn.","Dừng nhạc, tôi muốn nghỉ ngơi.",Nghe tiếp playlist từ điểm dừng trước đó.,Tăng âm lượng lên.,Giảm âm lượng một tẹo.,Đặt âm lượng ở mức trung bình ổn định.,Đặt âm lượng ở mức nhỏ nhất vừa.,Đặt âm lượng tới mức cao nhất có thể.,,,Cập nhập cho tôi bản tin mới đây,Cập nhập cho tôi tin tức nóng hổi nhất,Tìm hiểu về tin tức được đọc nhiều nhất,"Tôi quan tâm đến tin tức thứ ba, hãy chọn và đọc cho tôi"
Tìm danh sách nhạc acapella đầy sáng tạo,Làm thế nào để tôi tìm được thông tin về các bản cập nhật gần đây?,Đọc bài báo tiếp theo,Trở lại nội dung trước đó trong danh sách phát,"Cuối bài, xin lỗi",đưa đến phần giữa của bài hát,Phát nhạc và bắt đầu từ đầu danh sách,Dừng đọc nội dung ngay lập tức.,Chơi lại nhạc từ đầu bài hát.,Ngừng phát nhạc ngay bây giờ.,Đọc tiếp đoạn văn bản tiếp theo đi.,Lớn tiếng lên.,Hạ âm lượng xuống một chút.,Giữ độ lớn âm lượng ở mức trung bình.,Âm lượng thấp nhất là đủ rồi.,Âm lượng lớn nhất là tốt nhất.,,,Tìm hiểu về bản tin mới nhất,Tìm hiểu về tin tức nóng hổi nhất,Kể tôi nghe về tin tức được đọc nhiều nhất,Đọc chi tiết về tin tức đầu tiên được không?
Phát nhạc rap underground từ các nghệ sĩ độc lập,Tôi có thể sử dụng ứng dụng của bạn offline không?,Đọc tin tức tiếp theo,Quay lại bài báo trước đó,Nhảy đến phần cuối cùng của bài hát,"Đến trung tâm của nội dung ngay bây giờ, vui lòng",Mở nhạc và chơi từ đầu danh sách,Tạm dừng ở đây trong bài hát.,"Bắt đầu lại đọc bài viết, làm ơn.",Dừng lại ở đây trong bài báo.,Tiếp tục tin tức từ nơi tạm dừng trước đó.,Tăng âm thanh lên.,Giảm âm lượng một chút nữa đi.,Âm lượng ở mức trung bình nhẹ nhàng.,,,,,Kể tôi nghe về bản tin mới nhất,Kể tôi nghe về tin tức nóng hổi nhất,Tìm cho tôi tin tức được đọc nhiều nhất,"Tôi muốn biết nội dung của tin tức đầu tiên, hãy đọc nó cho tôi"
Nghe nhạc R&B Soul của các nghệ sĩ gây ấn tượng,Có tính năng hỗ trợ đọc tiếng nói không?,Chuyển sang bài viết kế tiếp,Đến phần trước đó của cuộc trò chuyện,Chuyển đến kết thúc của trang đọc tin,Tìm trang giữa của bản tin,"Bắt đầu đọc tin tức, tôi muốn nghe","Ngừng đọc bản tin, tôi sẽ tiếp sau.",Nghe lại tin tức từ đầu đến cuối.,"Tạm dừng đọc tin tức, làm ơn.",Chuyển đến phần tiếp theo của tin tức này.,Âm lượng lớn hơn.,Làm yếu âm lượng hơn tí.,Đặt âm lượng ở mức trung bình như mong muốn.,,,,,Tìm cho tôi bản tin vài giờ trước,Tìm cho tôi tin tức nóng hổi,Kể cho tôi những tin tức được đọc nhiều nhất đã xảy ra,Chọn và đọc tin tức đầu tiên trong danh sách
Tìm bài hát nhạc samba nổi bật từ Brasil,Làm thế nào để tôi tìm kiếm hướng dẫn sử dụng hoặc tài liệu trợ giúp?,Nghe bài hát tiếp theo trong danh sách phát,Nghe lại nội dung trước đó trong danh sách phát nhạc,Nghe cuối bài,Chuyển đến giữa bài viết mà không cần lướt,Bắt đầu bài mới trong danh sách nhạc,Dừng nhạc ngay từ đoạn này.,"Bắt đầu lại đọc bản tin, làm ơn.",Dừng lại và chờ lệnh mới.,Nghe tiếp nhạc từ bài hát trước đó đi.,Làm to hơn.,Giảm độ lớn tiếng xuống một xíu.,Âm lượng trung bình là đủ.,,,,,Kể cho tôi những bản tin mới xảy ra,Kể cho tôi những tin tức nóng hổi đã xảy ra,Cung cấp cho tôi tin tức được đọc nhiều nhất,Cập nhật về tin tức đầu tiên và đọc mô tả chi tiết
Phát nhạc blues đầy cảm xúc của các nghệ sĩ vĩ đại,Tôi có thể tìm được thông tin về các sự cố hoặc vấn đề phổ biến không?,Tiếp tục đọc từ đoạn sau,Quay lại phần trước của chương trình radio,Chuyển đến phần cuối cùng của đoạn tin,Lùi về phần giữa của trang đọc,Mở tin tức và đọc từ đầu tới cuối,"Tạm dừng nội dung, làm ơn.",Nghe lại danh sách nhạc từ đầu.,Tạm dừng phát nhạc ngay lập tức.,"Hãy đọc tiếp từ nơi dừng lại, xin cảm ơn.",Tăng tiếng lên một chút.,Đặt âm lượng yếu hơn chút xíu.,,,,,,Cung cấp cho tôi bản tin mới nhất,Cung cấp cho tôi tin tức nóng hổi nhất,Những tin tức được đọc nhiều nhất đang diễn ra hiện tại,Đọc tin tức đầu tiên bạn tìm thấy và kể tôi về nó
Nghe nhạc điện tử với phong cách deep house,Có tính năng gợi ý nội dung dựa trên sở thích của tôi không?,Sang phần tiếp theo của trang web,Đến lại trang trước,Cuối bài,đưa đến giữa bài hát ngay lập tức,Phát bài hát đầu tiên trong danh sách,Ngừng đọc tin tức tại đây.,Chơi lại nhạc từ đầu danh sách.,Ngừng đọc bản tin tại đây.,Tiếp tục đọc tin tức từ đoạn này đi.,Cho âm thanh to hơn.,Giảm cường độ tiếng lên.,,,,,,Những bản tin gì đang xảy ra gần đây,Những tin tức nóng hổi đang diễn ra hiện tại,Tiêu điểm tin tức được đọc nhiều nhất,Hãy chọn tin tức đầu tiên và đọc tóm tắt của nó
Tìm danh sách nhạc cổ điển từ thế kỷ 18 và 19,Làm cách nào để tôi tìm kiếm danh sách các tính năng mới nhất?,Nghe đoạn tiếp theo của audiobook,Quay lại phần nội dung trước đó của truyện,Skip đến phần kết thúc của bài hát,,Bắt đầu từ đầu trang tin tức,Dừng lại và chờ lệnh mới.,Bắt đầu lại bài hát từ đầu đi.,Dừng nhạc ngay từ đoạn này.,Đọc tiếp đoạn văn bản tiếp theo đi.,Làm to âm lượng lên.,,,,,,,Tiêu điểm bản tin gần đây,Tiêu điểm tin tức nóng hổi nhất,Đưa tôi tin tức được đọc nhiều nhất,"Tôi muốn biết tin tức đầu tiên, hãy chọn và đọc cho tôi"
Phát nhạc pop ballad của các nghệ sĩ hạng A,Tôi có thể cài đặt thông báo để nhận thông tin mới không?,Đến tin tức mới hơn,Nghe lại phần trước đó của đoạn tin tức,Nghe phần cuối cùng của đoạn tin tức,,Chơi nhạc và bắt đầu từ đầu album,Tạm dừng đọc bài viết ngay lập tức.,Nghe lại danh sách nhạc từ đầu.,Tạm dừng đọc bài mới tại đây.,Nghe tiếp bài hát từ điểm dừng trước đó đi.,Tăng cường âm lượng.,,,,,,,Đưa tôi bản tin mới nhất,Đưa tôi tin tức nóng hổi nhất,Diễn biến tin tức được đọc nhiều nhất,Chọn cho tôi tin tức đầu tiên và đưa ra những thông tin quan trọng
Nghe nhạc dân ca truyền thống của các vùng miền Việt Nam,Có tính năng liên kết tài khoản xã hội không?,Đọc phần nội dung tiếp theo của blog,Trở lại trang web trước đó,Chuyển đến cuối bản tin ngay,,"Bắt đầu đọc bài mới, được không?","Dừng nhạc, tôi muốn thay đổi.",Mở lại nội dung và đọc lại.,Dừng lại và chờ lệnh tiếp theo.,Đọc tiếp đoạn văn bản sau đây đi.,Đặt âm lượng cao hơn.,,,,,,,Diễn biến bản tin mới nhất gần đây,Diễn biến tin tức nóng hổi nhất,Kể cho tôi những tin tức được đọc nhiều nhất đang diễn ra,Đọc tóm tắt của tin tức đầu tiên để tôi có cái nhìn tổng quan
Tìm bài hát nhạc rock alternative phong cách mới,Làm cách nào để tôi xem lịch sử hoạt động của mình trên ứng dụng của bạn?,Tiếp tục xem video tiếp theo,Quay lại đoạn trước đó của podcast,Bỏ qua và chuyển đến cuối trang đọc tin,,Mở danh sách nhạc và chơi từ đầu,Ngừng phát nhạc ngay bây giờ.,"Bắt đầu lại đọc bài viết, làm ơn.",Tạm dừng nội dung ngay bây giờ.,"Tiếp tục từ nơi tạm dừng trước đó, xin cảm ơn.",Đẩy mạnh âm thanh lên.,,,,,,,Kể cho tôi những bản tin đang diễn ra,Kể cho tôi những tin tức nóng hổi nhất đang diễn ra,Tìm hiểu cho tôi tin tức được đọc nhiều nhất đang diễn ra,Cập nhật và chọn tin đầu tiên trong danh sách để đọc
Phát nhạc phim anime đáng yêu và bắt tai,Tôi có thể đổi tên hoặc thông tin cá nhân không?,"Bỏ qua phần này, chuyển đến phần khác",Đến lại đoạn trước đó trong sách,Chuyển đến phần kết thúc của bài nhạc,,Bắt đầu nội dung từ đầu,"Dừng lại, tôi muốn xem thêm ở đây.",Chơi lại bài hát từ đầu bài hát.,"Dừng lại, tôi sẽ tiếp sau.",Nghe tiếp playlist từ điểm dừng trước đó đi.,Tăng độ lớn.,,,,,,,Tìm hiểu cho tôi bản tin đang diễn ra,Tìm hiểu cho tôi tin tức nóng hổi nhất đang diễn ra,Tìm cho tôi tin tức được đọc nhiều nhất,Chọn và đọc tin tức thứ hai cho tôi
Phát danh sách nhạc mới nhất trong tháng này,Ứng dụng của bạn hỗ trợ các nền tảng nào?,Chuyển đến đoạn tiếp theo của truyện,Nghe lại bài hát trước đó trong danh sách phát,"Cuối bài, cảm ơn bạn",,,Tạm dừng đọc tin tức tại đây.,Nghe lại tin tức từ đầu đến cuối.,Tạm dừng đọc trang tin tức.,Nghe tiếp nhạc từ điểm tạm dừng trước đó đi.,Tăng âm lượng một chút nữa.,,,,,,,Tìm hiểu cho tôi bản tin mới đây,Tìm cho tôi tin tức nóng hổi nhất,Cập nhập những tin tức được đọc nhiều nhất,"Tôi muốn biết nội dung của tin tức thứ hai, hãy đọc nó cho tôi"
Tìm bài hát theo thể loại nhạc pop,Có tính năng đồng bộ hóa dữ liệu giữa các thiết bị không?,Nghe phần tiếp theo của đoạn tin tức,Quay lại đoạn trước đó trong audiobook,Skip đến cuối bài hát ngay,,,"Dừng nhạc, tôi cần tạm nghỉ.","Bắt đầu lại đọc bản tin, làm ơn.","Dừng nhạc, tôi muốn nghỉ một chút.",Hãy đọc tiếp phần nội dung này đi.,Làm mạnh tiếng lên.,,,,,,,Cập nhập những thông tin mới nhất,Cập nhập những tin tức gây sốt nhất,Tìm kiếm tin tức được đọc nhiều nhất,Cập nhật về tin tức thứ hai và đọc mô tả chi tiết
Phát danh sách nhạc với tiêu đề 'Những ca khúc kinh điển',Làm cách nào để tôi tìm các bài viết phổ biến nhất?,Chuyển đến phần tiếp theo của danh sách phát nhạc,Chuyển về bài viết/trang trước đó,Nghe phần kết thúc của đoạn tin,,,Ngừng đọc bài mới ngay từ đoạn này.,Nghe lại danh sách nhạc từ đầu.,Ngừng phát nhạc ngay bây giờ.,Tiếp tục tin tức từ đoạn trước đó đi.,Đặt âm lượng ở mức cao hơn.,,,,,,,Tìm kiếm thông tin mới nhất,Tìm kiếm tin tức gây sốt nhất,1 số tin tức được đọc nhiều nhất,Đọc tin tức thứ hai bạn tìm thấy và kể tôi về nó
Nghe nhạc R&B Soul của các nghệ sĩ nổi tiếng,Tôi có thể thay đổi giao diện hoặc chủ đề không?,Sang bài viết mới hơn,Đọc lại đoạn văn trước đó,Chuyển đến cuối bản tin ngay bây giờ,,,"Tạm dừng nội dung, làm ơn.",Chơi lại nhạc từ đầu danh sách.,Tạm dừng đọc bản tin tại đây.,Chuyển qua phần kế tiếp của bài viết đi.,Tăng âm thanh một chút nữa.,,,,,,,1 số thông tin mới nhất,1 số tin tức gây sốt nhất,Tin tức được đọc nhiều nhất hôm nay là gì,Hãy chọn tin tức thứ hai và đọc tóm tắt của nó
Phát danh sách nhạc dành cho buổi tiệc,Có tính năng gửi phản hồi hoặc đề xuất cải tiến không?,Đến phần nội dung tiếp theo của video,Trở lại nội dung trước đó trong danh sách phát nhạc,Cuối bài hát,,,Ngừng đọc bản tin ngay tại đây.,Bắt đầu lại đọc trang tin tức.,Dừng lại và chờ lệnh mới.,,Đặt mức âm lượng lớn hơn.,,,,,,,thông tin mới nhất hôm nay là gì,Tin tức gây sốt nhất hôm nay là gì,Hãy cho tôi biết về tin tức được đọc nhiều nhất hôm nay,"Tôi muốn biết tin tức thứ hai, hãy chọn và đọc cho tôi"
Tìm bài hát điện tử trong phong cách trance,Làm thế nào để tôi tìm các tùy chọn cài đặt ẩn?,Nghe đoạn tiếp theo của chương trình radio,Quay lại bài báo/trang trước đó,Nhảy tới phần cuối cùng của trang tin tức,,,"Dừng nhạc, tôi muốn thay đổi.","Phát lại tin tức từ đầu, được không?",Tạm dừng đọc bài mới tại đây.,,Làm to tiếng lên một tí.,,,,,,,Hãy cho tôi biết về thông tin mới nhất hôm nay,Hãy cho tôi biết về tin tức gây sốt nhất hôm nay,Cho tôi biết về tin tức được đọc gần nhất,Chọn cho tôi tin tức thứ hai và đưa ra những thông tin quan trọng
Tìm bài hát hòa tấu piano du dương,Tôi có thể thêm bạn bè hoặc chia sẻ nội dung với người khác không?,Đọc tin tức mới hơn,Đến lại phần trước đó của cuộc trò chuyện podcast,Chuyển đến kết thúc của bài hát ngay,,,Tạm dừng đọc bài viết tại đây.,Bắt đầu lại bản tin mới nhất.,"Ngừng đọc tin tức, tôi sẽ tiếp sau.",,Tăng âm lượng một chút nhé.,,,,,,,Hãy cho tôi biết về thông tin gần đây nhất hôm nay,Hãy cho tôi biết về tin tức gây sốt nhất hôm nay,Tìm kiếm tin được đọc nhiều nhất,Đọc tóm tắt của tin tức thứ hai để tôi có cái nhìn tổng quan
Phát danh sách nhạc rock của các ban nhạc nổi tiếng,Có tính năng theo dõi sự tiến bộ của tôi không?,Nghe nội dung tiếp theo trong cuộc trò chuyện podcast,Nghe lại nội dung trước đó trong danh sách phát podcast,Nghe cuối cùng của đoạn tin tức,,,Dừng lại và chờ lệnh tiếp theo.,Nghe lại danh sách nhạc từ đầu.,Dừng lại ở đây trong bài báo.,,Tăng mạnh âm lượng lên.,,,,,,,Cho tôi biết về thông tin gần nhất,Cho tôi biết về tin tức gần nhất,Cập nhập cho tôi tin tức được đọc nhiều nhất,Cập nhật và chọn tin thứ hai trong danh sách để đọc
Tìm bài hát nhạc điện tử với phong cách house,Làm cách nào để tôi xem thống kê hoạt động của mình trên ứng dụng?,,Quay lại phần trước đó của chương trình radio,Skip đến cuối trang đọc,,,"Ngừng phát nhạc, làm ơn.",Mở lại nội dung và đọc lại cho tôi.,Tạm dừng đọc trang tin tức.,,Tăng độ lớn của âm thanh.,,,,,,,Tìm kiếm tin gần đây nhất,Tìm kiếm tin gây sốt nhất,Tìm hiểu về tin tức được đọc nhiều nhất,Cho tôi biết chi tiết về tin tức thứ hai bạn đã tìm thấy
Phát danh sách nhạc dành cho ngày Valentine,Tôi có thể tham gia vào các sự kiện hoặc chương trình sự kiện không?,,,"Chuyển đến cuối bài nghe nhạc, được không?",,,Dừng đọc nội dung ngay lập tức.,Chơi lại bài hát từ đầu danh sách.,Dừng lại và chờ lệnh tiếp theo.,,Đặt âm lượng ở mức cao hơn xíu.,,,,,,,Cập nhập cho tôi thông tin mới đây,Cập nhập cho tôi tin tức gây sốt nhất,Kể tôi nghe về tin tức được đọc nhiều nhất,Chọn và đọc tin tức thứ ba cho tôi
Tìm bài hát nhạc cổ điển từ thế kỷ 18,Có cách nào để tôi đánh giá ứng dụng của bạn trên cửa hàng ứng dụng không?,,,Lướt xuống cuối bài hát cho tôi,,,Tạm dừng ở đây trong bài hát.,Bắt đầu lại đọc trang tin tức.,Tạm dừng phát nhạc ngay lập tức.,,Làm to hơn một chút.,,,,,,,Tìm hiểu về thông tin mới nhất,Tìm hiểu về tin tức gây sốt nhất,Tìm cho tôi tin tức được đọc nhiều nhất,"Tôi muốn biết nội dung của tin tức thứ ba, hãy đọc nó cho tôi"
Nghe nhạc hiphop của các nghệ sĩ nổi tiếng,Làm thế nào để tôi kiểm tra cập nhật cho ứng dụng của bạn?,,,Nhảy tới phần cuối bản tin,,,"Ngừng đọc tin tức, tôi sẽ tiếp sau.",Nghe lại bài mới trong danh sách nhạc.,Ngừng đọc bản tin tại đây.,,Tăng âm lượng một tẹo.,,,,,,,Kể tôi nghe về thông tin mới nhất,Kể tôi nghe về tin tức gây sốt nhất,Kể cho tôi những tin tức được đọc nhiều nhất đã xảy ra,Cập nhật về tin tức thứ ba và đọc mô tả chi tiết
Phát danh sách nhạc thể loại world music,Tôi có thể tạo danh sách theo dõi cá nhân không?,,,Đọc nhanh đến cuối trang tin tức,,,Dừng nhạc ngay từ đoạn này.,Mở lại nội dung và đọc lại cho tôi.,Dừng nhạc ngay từ đoạn này.,,Đẩy mạnh âm thanh lên một chút.,,,,,,,Tìm cho tôi thông tin vài giờ trước,Tìm cho tôi tin tức gây sốt,Cung cấp cho tôi tin tức được đọc nhiều nhất,Đọc tin tức thứ ba bạn tìm thấy và kể tôi về nó
Tìm bài hát có lời nhắn gửi đặc biệt cho người yêu,Có tính năng tương tác với người dùng khác không?,,,Bật nhạc và chuyển đến phút cuối cùng của bài hát,,,"Tạm dừng nội dung, làm ơn.",Chơi lại bài hát từ đầu bài hát.,Tạm dừng đọc bài mới tại đây.,,Tăng âm lượng một chút nữa đi.,,,,,,,Kể cho tôi những thông tin mới xảy ra,Kể cho tôi những tin tức gây sốt đã xảy ra,Những tin tức được đọc nhiều nhất đang diễn ra hiện tại,Hãy chọn tin tức thứ ba và đọc tóm tắt của nó
Nghe nhạc nhạc phim hoạt hình đáng yêu,Làm cách nào để tôi tìm kiếm nhanh nội dung trên ứng dụng của bạn?,,,"Cuối cùng của trang tin tức, nhanh lên!",,,,"Bắt đầu lại đọc bài viết, làm ơn.",Dừng lại và chờ lệnh mới.,,Làm to âm lượng hơn tí.,,,,,,,Cung cấp cho tôi thông tin mới nhất,Cung cấp cho tôi tin tức gây sốt nhất,Tiêu điểm tin tức được đọc nhiều nhất,"Tôi muốn biết tin tức thứ ba, hãy chọn và đọc cho tôi"
Phát danh sách nhạc nhạc trữ tình Việt Nam,Tôi có thể đăng nhập bằng cách sử dụng tài khoản mạng xã hội không?,,,Chuyển đến phần kết luận của bài viết,,,,Nghe lại danh sách nhạc từ đầu.,Tạm dừng nội dung ngay bây giờ.,,Tăng độ lớn tiếng lên một xíu.,,,,,,,Những thông tin gì đang xảy ra gần đây,Những tin tức gây sốt đang diễn ra hiện tại,Đưa tôi tin tức được đọc nhiều nhất,Chọn cho tôi tin tức thứ ba và đưa ra những thông tin quan trọng
Tìm bài hát nhạc gospel tôn vinh Đức Chúa Trời,Có tính năng nhập khẩu dữ liệu từ các ứng dụng khác không?,,,Lướt nhanh xuống dưới cùng của trang,,,,Mở lại nội dung và đọc lại cho tôi.,,,Đặt âm lượng mạnh hơn chút xíu.,,,,,,,Tiêu điểm thông tin gần đây,Tiêu điểm tin tức gây sốt nhất,Diễn biến tin tức được đọc nhiều nhất,Đọc tóm tắt của tin tức thứ ba để tôi có cái nhìn tổng quan
Nghe nhạc lo-fi chill để thư giãn,Làm thế nào để tôi đổi ngôn ngữ trong ứng dụng của bạn?,,,Kết thúc bản tin và chuyển đến nội dung mới nhất,,,,Bắt đầu lại tin tức từ đầu.,,,Tăng cường tiếng lên.,,,,,,,Đưa tôi thông tin mới nhất,Đưa tôi tin tức gây sốt nhất,Kể cho tôi những tin tức được đọc nhiều nhất đang diễn ra,Cập nhật và chọn tin thứ ba trong danh sách để đọc
Phát danh sách nhạc pop ballad của các nghệ sĩ nổi tiếng,Tôi có thể cài đặt thông báo để nhận tin tức mới nhất không?,,,Tìm và phát nhạc cuối cùng trong danh sách,,,,Chơi lại bài mới trong danh sách nhạc.,,,Đọc to lên,,,,,,,Diễn biến thông tin mới nhất gần đây,Diễn biến tin tức gây sốt nhất,Tìm hiểu cho tôi tin tức được đọc nhiều nhất đang diễn ra,Cho tôi biết chi tiết về tin tức thứ ba bạn đã tìm thấy
Tìm bài hát acoustic nhẹ nhàng với guitar,Có tính năng đăng tin tức hoặc nội dung của riêng tôi không?,,,,,,,"Bắt đầu lại đọc bài viết, làm ơn.",,,,,,,,,,Kể cho tôi những thông tin đang diễn ra,Kể cho tôi những tin tức gây sốt nhất đang diễn ra,Tìm cho tôi tin tức được đọc nhiều nhất,Chọn cho tôi bài báo đầu tiên
Nghe nhạc nhạc Latin sôi động,Làm cách nào để tôi thay đổi ảnh đại diện của mình?,,,,,,,Nghe lại tin tức từ đầu đến cuối.,,,,,,,,,,Tìm hiểu cho tôi thông tin đang diễn ra,Tìm hiểu cho tôi tin tức gây sốt nhất đang diễn ra,Cập nhập những tin tức được đọc nhiều nhất,Tôi muốn đọc bài báo đầu tiên
Phát danh sách nhạc electronic dance music (EDM),Tôi có thể sử dụng ứng dụng của bạn trên nhiều thiết bị không?,,,,,,,Mở lại nội dung và đọc lại cho tôi.,,,,,,,,,,Tìm hiểu cho tôi thông tin mới đây,Tìm cho tôi tin tức gây sốt nhất,Tìm kiếm tin tức được đọc nhiều nhất,Đọc tóm tắt của bài báo đầu tiên cho tôi
Tìm bài hát rap với lời nhắn tích cực,Có tính năng tự động lưu nội dung đã đọc không?,,,,,,,Chơi lại bài hát từ đầu bài hát.,,,,,,,,,,Cập nhập những sự kiện mới nhất,Cập nhập những tin tức hot nhất nhất,1 số tin tức được đọc nhiều nhất,Chọn bài báo đầu tiên bạn tìm thấy
Nghe nhạc nhạc dân ca truyền thống từ các quốc gia khác nhau,Làm thế nào để tôi tìm các tùy chọn phân loại nội dung?,,,,,,,Bắt đầu lại đọc trang tin tức.,,,,,,,,,,Tìm kiếm sự kiện mới nhất,Tìm kiếm tin tức hot nhất nhất,Tin tức được đọc nhiều nhất hôm nay là gì,"Tôi quan tâm đến bài báo đầu tiên, hãy đọc nó cho tôi"
Phát danh sách nhạc nhạc samba rộn ràng,Tôi có thể tùy chỉnh cài đặt âm thanh và video không?,,,,,,,Nghe lại danh sách nhạc từ đầu.,,,,,,,,,,1 số sự kiện mới nhất,1 số tin tức hot nhất nhất,Hãy cho tôi biết về tin tức được đọc nhiều nhất hôm nay,Cập nhật và chọn cho tôi bài báo đầu tiên
Tìm bài hát nhạc blues đầy cảm xúc,Có tính năng hướng dẫn sử dụng nhanh không?,,,,,,,Mở lại nội dung và đọc lại cho tôi.,,,,,,,,,,sự kiện mới nhất hôm nay là gì,Tin tức hot nhất nhất hôm nay là gì,Cho tôi biết về tin tức được đọc nhiều nhất,Đọc đoạn mô tả của bài báo đầu tiên
Nghe nhạc nhạc flamenco đầy sôi động,Làm cách nào để tôi thay đổi mật khẩu của mình?,,,,,,,Bắt đầu lại tin tức từ đầu.,,,,,,,,,,Hãy cho tôi biết về sự kiện mới nhất hôm nay,Hãy cho tôi biết về tin tức hot nhất nhất hôm nay,Tìm kiếm tin được đọc nhiều nhất,Chọn bài báo đầu tiên trong danh sách
Phát danh sách nhạc electronic dance music (EDM) tiếp thị,Tôi có thể sử dụng ứng dụng của bạn khi không có kết nối internet không?,,,,,,,Chơi lại bài mới trong danh sách nhạc.,,,,,,,,,,Hãy cho tôi biết về sự kiện gần đây nhất hôm nay,Hãy cho tôi biết về tin tức hot nhất nhất hôm nay,Cập nhập cho tôi tin tức được đọc nhiều nhất,Tôi muốn biết nội dung của bài báo đầu tiên bạn đã tìm thấy
Tìm bài hát nhạc rap underground sáng tạo,Có tính năng chặn hoặc báo cáo người dùng không lịch sự không?,,,,,,,"Bắt đầu lại đọc bài viết, làm ơn.",,,,,,,,,,Cho tôi biết về sự kiện gần nhất,Cho tôi biết về tin tức gần nhất,Tìm hiểu về tin tức được đọc nhiều nhất,Hãy đọc cho tôi bài báo đầu tiên trong danh sách
Nghe nhạc nhạc dân tộc của các dân tộc thiểu số,Làm thế nào để tôi tìm thông tin liên hệ hoặc hỗ trợ?,,,,,,,Nghe lại danh sách nhạc từ đầu.,,,,,,,,,,Tìm kiếm tin gần đây nhất,Tìm kiếm tin hot nhất nhất,Kể tôi nghe về tin tức được đọc nhiều nhất,Chọn cho tôi bài báo thứ hai
Phát danh sách nhạc classical với các bản giao hưởng nổi tiếng,Tôi có thể tùy chỉnh cài đặt bảo mật của mình không?,,,,,,,Mở lại nội dung và đọc lại cho tôi.,,,,,,,,,,Cập nhập cho tôi sự kiện mới đây,Cập nhập cho tôi tin tức hot nhất nhất,Tìm cho tôi tin tức được đọc nhiều nhất,Đọc tóm tắt của bài báo thứ hai cho tôi
Nghe nhạc R&B Soul với ca sĩ có giọng hát ấn tượng,Có tính năng lưu trữ nội dung yêu thích không?,,,,,,,Chơi lại bài hát từ đầu bài hát.,,,,,,,,,,Tìm hiểu về sự kiện mới nhất,Tìm hiểu về tin tức hot nhất nhất,Kể cho tôi những tin tức được đọc nhiều nhất đã xảy ra,"Tôi muốn biết về bài báo thứ hai, hãy chọn và đọc nó cho tôi"
Phát danh sách nhạc với tiêu đề 'Nhạc cho buổi sáng',Làm cách nào để tôi tìm nội dung liên quan đến sở thích của mình?,,,,,,,Bắt đầu lại đọc trang tin tức.,,,,,,,,,,Kể tôi nghe về sự kiện mới nhất,Kể tôi nghe về tin tức hot nhất nhất,Cung cấp cho tôi tin tức được đọc nhiều nhất,Cập nhật và chọn bài báo thứ hai trong danh sách
Tìm bài hát nhạc pop vui nhộn và năng động,Tôi có thể đăng nhập bằng cách sử dụng vân tay hoặc nhận diện khuôn mặt không?,,,,,,,Nghe lại tin tức từ đầu đến cuối.,,,,,,,,,,Tìm cho tôi sự kiện vài giờ trước,Tìm cho tôi tin tức hot nhất,Những tin tức được đọc nhiều nhất đang diễn ra hiện tại,Hãy đọc bài báo thứ hai cho tôi
Nghe nhạc nhạc samba cuốn hút từ các nghệ sĩ nổi tiếng,Có tính năng tương thích với các thiết bị đeo thông minh không?,,,,,,,Mở lại nội dung và đọc lại cho tôi.,,,,,,,,,,Kể cho tôi những sự kiện mới xảy ra,Kể cho tôi những tin tức hot nhất đã xảy ra,Tiêu điểm tin tức được đọc nhiều nhất,Chọn bài báo thứ hai bạn đã tìm thấy để đọc
Phát danh sách nhạc với các bài hát bất hủ từ thập kỷ 80,Làm thế nào để tôi xem các sự kiện hoặc chương trình sắp tới?,,,,,,,Chơi lại bài mới trong danh sách nhạc.,,,,,,,,,,Cung cấp cho tôi sự kiện mới nhất,Cung cấp cho tôi tin tức hot nhất nhất,Đưa tôi tin tức được đọc nhiều nhất,Đọc đoạn mô tả của bài báo thứ hai trong danh sách
Tìm bài hát nhạc jazz với saxophone tuyệt vời,Tôi có thể tùy chỉnh giao diện và trải nghiệm người dùng không?,,,,,,,"Bắt đầu lại đọc bài viết, làm ơn.",,,,,,,,,,Những sự kiện gì đang xảy ra gần đây,Những tin tức hot nhất đang diễn ra hiện tại,Diễn biến tin tức được đọc nhiều nhất,Tôi muốn biết nội dung của bài báo thứ hai bạn đã tìm thấy
Nghe nhạc rap với lời thoại sắc sảo và ý nghĩa,Có tính năng giúp tôi tìm kiếm nội dung phù hợp với tâm trạng của mình không?,,,,,,,Nghe lại danh sách nhạc từ đầu.,,,,,,,,,,Tiêu điểm sự kiện gần đây,Tiêu điểm tin tức hot nhất nhất,Kể cho tôi những tin tức được đọc nhiều nhất đang diễn ra,Chọn bài báo thứ hai từ danh sách và đọc nó cho tôi
Phát danh sách nhạc điện tử với âm thanh ambient thú vị,Làm cách nào để tôi tìm các bài viết được xem nhiều nhất?,,,,,,,Mở lại nội dung và đọc lại cho tôi.,,,,,,,,,,Đưa tôi sự kiện mới nhất,Đưa tôi tin tức hot nhất nhất,Tìm hiểu cho tôi tin tức được đọc nhiều nhất đang diễn ra,"Tôi quan tâm đến bài báo thứ hai, hãy chọn và đọc cho tôi"
Tìm bài hát nhạc cổ điển từ các nhà soạn nhạc nổi tiếng,Tôi có thể tìm kiếm nội dung theo ngày hoặc thời gian không?,,,,,,,Bắt đầu lại tin tức từ đầu.,,,,,,,,,,Diễn biến sự kiện mới nhất gần đây,Diễn biến tin tức hot nhất nhất,Tìm cho tôi tin tức được đọc nhiều nhất,Đọc tóm tắt của bài báo thứ ba cho tôi
Nghe nhạc nhạc rock classic với giai điệu huyền bí,Hướng dẫn sử dụng bắt đầu từ đâu?,,,,,,,Chơi lại bài hát từ đầu bài hát.,,,,,,,,,,Kể cho tôi những sự kiện đang diễn ra,Kể cho tôi những tin tức hot nhất nhất đang diễn ra,Cập nhập những bài báo được đọc nhiều nhất,Chọn cho tôi bài báo thứ ba trong danh sách
Phát danh sách nhạc Indie từ các ban nhạc tự sáng tạo,Có hướng dẫn cài đặt không?,,,,,,,Bắt đầu lại đọc trang tin tức.,,,,,,,,,,Tìm hiểu cho tôi sự kiện đang diễn ra,Tìm hiểu cho tôi tin tức hot nhất nhất đang diễn ra,Tìm kiếm bài báo được đọc nhiều nhất,"Tôi muốn biết về bài báo thứ ba, hãy chọn và đọc nó cho tôi"
Tìm bài hát nhạc phim nổi tiếng của Hollywood,Làm thế nào để tôi tìm thông tin về các tính năng chính?,,,,,,,Nghe lại tin tức từ đầu đến cuối.,,,,,,,,,,Tìm hiểu cho tôi sự kiện mới đây,Tìm cho tôi tin tức hot nhất nhất,1 số bài báo được đọc nhiều nhất,Cập nhật và đọc bài báo thứ ba cho tôi
Nghe nhạc R&B Soul của các nghệ sĩ đột phá,Có phần hướng dẫn về cách tùy chỉnh cài đặt không?,,,,,,,Mở lại nội dung và đọc lại cho tôi.,,,,,,,,,,Cập nhập những bài báo mới nhất,Cập nhập những bài báo nóng nhất,bài báo được đọc nhiều nhất hôm nay là gì,Hãy chọn bài báo thứ ba từ danh sách và đọc nó cho tôi
Phát danh sách nhạc với các ca khúc được yêu thích,Làm thế nào để tôi tìm các hướng dẫn về bảo mật?,,,,,,,,,,,,,,,,,Tìm kiếm bài báo mới nhất,Tìm kiếm bài báo nóng nhất,Hãy cho tôi biết về bài báo được đọc nhiều nhất hôm nay,Chọn bài báo thứ ba bạn đã tìm thấy để đọc
Tìm bài hát nhạc pop ballad với lời ca cảm động,Có hướng dẫn về cách đổi ngôn ngữ không?,,,,,,,,,,,,,,,,,1 số bài báo mới nhất,1 số bài báo nóng nhất,Cho tôi biết về bài báo được đọc nhiều nhất,Đọc đoạn mô tả của bài báo thứ ba trong danh sách
Nghe nhạc classical của các nghệ sĩ tài năng,Làm cách nào để tôi tìm thông tin về cách liên hệ với hỗ trợ?,,,,,,,,,,,,,,,,,bài báo mới nhất hôm nay là gì,bài báo nóng nhất hôm nay là gì,Tìm kiếm tin được đọc nhiều nhất,Tôi muốn biết nội dung của bài báo thứ ba bạn đã tìm thấy
Phát danh sách nhạc với các bản nhạc dành cho tiệc tùng,Có phần giải thích về các biểu tượng hoặc ký hiệu không?,,,,,,,,,,,,,,,,,Hãy cho tôi biết về bài báo mới nhất hôm nay,Hãy cho tôi biết về bài báo nóng nhất hôm nay,Cập nhập cho tôi bài báo được đọc nhiều nhất,Chọn và đọc bài báo thứ ba cho tôi
Tìm bài hát nhạc dân ca từ các vùng miền Việt Nam,Làm thế nào để tôi tìm hướng dẫn sửa lỗi hoặc vấn đề kỹ thuật?,,,,,,,,,,,,,,,,,Hãy cho tôi biết về bài báo gần đây nhất hôm nay,Cho tôi biết về bài báo nóng nhất,Tìm hiểu về bài báo được đọc nhiều nhất,"Tôi quan tâm đến bài báo thứ ba, hãy chọn và đọc cho tôi"
Nghe nhạc điện tử với phong cách house sôi động,Có phần giúp tôi hiểu về quy trình đăng nhập và đăng ký không?,,,,,,,,,,,,,,,,,Cho tôi biết về bài báo gần nhất,Tìm kiếm tin nóng nhất,Kể tôi nghe về bài báo được đọc nhiều nhất,Đọc chi tiết về bài báo đầu tiên được không?
Phát danh sách nhạc jazz với piano tài ba,Làm thế nào để tôi tìm các hướng dẫn về cách sử dụng các tính năng nâng cao?,,,,,,,,,,,,,,,,,Tìm kiếm tin gần đây nhất,Cập nhập cho tôi bài báo nóng nhất,Tìm cho tôi bài báo được đọc nhiều nhất,"Tôi muốn biết nội dung của bài báo đầu tiên, hãy đọc nó cho tôi"
Tìm bài hát acoustic với tiếng guitar du dương,Có hướng dẫn về cách tìm và khắc phục sự cố thông thường không?,,,,,,,,,,,,,,,,,Cập nhập cho tôi bài báo mới đây,Tìm hiểu về bài báo nóng nhất,Kể cho tôi những bài báo được đọc nhiều nhất đã xảy ra,Chọn và đọc bài báo đầu tiên trong danh sách
Phát danh sách nhạc với tiêu đề 'Nhạc cho buổi tối thư giãn',Làm thế nào để tôi tìm thông tin về việc sử dụng ứng dụng offline?,,,,,,,,,,,,,,,,,Tìm hiểu về bài báo mới nhất,Kể tôi nghe về bài báo nóng nhất,Cung cấp cho tôi bài báo được đọc nhiều nhất,Cập nhật về bài báo đầu tiên và đọc mô tả chi tiết
Nghe nhạc hiphop của các nghệ sĩ trẻ triển vọng,Có phần hướng dẫn về cách tạo và quản lý tài khoản không?,,,,,,,,,,,,,,,,,Kể tôi nghe về bài báo mới nhất,Tìm cho tôi bài báo nóng,Những bài báo được đọc nhiều nhất đang diễn ra hiện tại,Đọc bài báo đầu tiên bạn tìm thấy và kể tôi về nó
Phát danh sách nhạc nhạc trữ tình Việt Nam phát triển gần đây,Làm thế nào để tôi tìm hướng dẫn về cách đổi mật khẩu của mình?,,,,,,,,,,,,,,,,,Tìm cho tôi bài báo vài giờ trước,Kể cho tôi những bài báo nóng đã xảy ra,Tiêu điểm bài báo được đọc nhiều nhất,Hãy chọn bài báo đầu tiên và đọc tóm tắt của nó
Nghe nhạc lo-fi chill để thư giãn sau một ngày dài,Có phần giải thích về cách sử dụng các công cụ và tính năng tùy chỉnh không?,,,,,,,,,,,,,,,,,Kể cho tôi những bài báo mới xảy ra,Cung cấp cho tôi bài báo nóng nhất,Đưa tôi bài báo được đọc nhiều nhất,"Tôi muốn biết bài báo đầu tiên, hãy chọn và đọc cho tôi"
Phát danh sách nhạc pop-ballad của các nghệ sĩ nổi tiếng,Làm thế nào để tôi tìm hướng dẫn về cách chia sẻ nội dung hoặc kết nối với mạng xã hội?,,,,,,,,,,,,,,,,,Cung cấp cho tôi bài báo mới nhất,Những bài báo nóng nhất đang diễn ra hiện tại,Diễn biến bài báo được đọc nhiều nhất,Chọn cho tôi bài báo đầu tiên và đưa ra những thông bài báo quan trọng
Tìm bài hát acoustic nhẹ nhàng với tiếng guitar,Có hướng dẫn về cách xem lịch sử hoạt động và cập nhật không?,,,,,,,,,,,,,,,,,Những bài báo gì đang xảy ra gần đây,Tiêu điểm bài báo nóng nhất,Kể cho tôi những bài báo được đọc nhiều nhất đang diễn ra,Đọc tóm tắt của bài báo đầu tiên để tôi có cái nhìn tổng quan
Nghe nhạc nhạc Latin sôi động từ các nghệ sĩ gây ấn tượng,Làm thế nào để tôi tìm thông tin về cách sử dụng tính năng đồng bộ hóa?,,,,,,,,,,,,,,,,,Tiêu điểm bài báo gần đây,Đưa tôi bài báo nóng nhất,Tìm hiểu cho tôi bài báo được đọc nhiều nhất đang diễn ra,Cập nhật và chọn bài báo đầu tiên trong danh sách để đọc
Phát danh sách nhạc electronic dance music (EDM) vui nhộn,Có phần hướng dẫn về cách sử dụng tính năng nhắc nhở hoặc thông báo không?,,,,,,,,,,,,,,,,,Đưa tôi bài báo mới nhất,Diễn biến bài báo nóng nhất,Tìm cho tôi bài báo được đọc nhiều nhất,Chọn và đọc bài báo thứ hai cho tôi
Tìm bài hát nhạc dân ca truyền thống từ các quốc gia khác nhau,,,,,,,,,,,,,,,,,,Diễn biến bài báo mới nhất gần đây,Kể cho tôi những bài báo nóng nhất đang diễn ra,Cập nhập những bài báo được đọc nhiều nhất,"Tôi muốn biết nội dung của bài báo thứ hai, hãy đọc nó cho tôi"
Nghe nhạc classical với các bản giao hưởng nổi tiếng của Beethoven,,,,,,,,,,,,,,,,,,Kể cho tôi những bài báo đang diễn ra,Tìm hiểu cho tôi bài báo nóng nhất đang diễn ra,Tìm kiếm bài báo được đọc nhiều nhất,Cập nhật về bài báo thứ hai và đọc mô tả chi tiết
Phát danh sách nhạc nhạc samba rộn ràng từ Brasil,,,,,,,,,,,,,,,,,,Tìm hiểu cho tôi những bài báo đang diễn ra bây giờ,Tìm cho tôi bài báo nóng nhất,1 số bài báo được đọc nhiều nhất,Đọc bài báo thứ hai bạn tìm thấy và kể tôi về nó
Tìm bài hát nhạc blues đầy cảm xúc của các nghệ sĩ vĩ đại,,,,,,,,,,,,,,,,,,Tìm hiểu cho tôi những bài báo thời gian hôm nay,Cập nhập những bài báo nóng hổi nhất,bài báo được đọc nhiều nhất hôm nay là gì,Hãy chọn bài báo thứ hai và đọc tóm tắt của nó
Nghe nhạc nhạc flamenco đầy sôi động từ Tây Ban Nha,,,,,,,,,,,,,,,,,,Tìm hiểu cho tôi bài những báo thời gian vài giờ gần đây,Tìm kiếm bài báo nóng hổi nhất,Hãy cho tôi biết về bài báo được đọc nhiều nhất hôm nay,"Tôi muốn biết bài báo thứ hai, hãy chọn và đọc cho tôi"
Tìm bài hát rap underground sáng tạo và độc đáo,,,,,,,,,,,,,,,,,,Tìm hiểu cho tôi bài những báo mới trong thời gian gần đây,1 số bài báo nóng hổi nhất,Cho tôi biết về bài báo được đọc nhiều nhất,Chọn cho tôi bài báo thứ hai và đưa ra những thông bài báo quan trọng
Nghe nhạc nhạc dân tộc của các dân tộc thiểu số trên thế giới,,,,,,,,,,,,,,,,,,Tìm hiểu cho tôi những bài báo mới những hôm gần đây,bài báo nóng hổi nhất hôm nay là gì,Tìm kiếm tin được đọc nhiều nhất,Đọc tóm tắt của bài báo thứ hai để tôi có cái nhìn tổng quan
Phát danh sách nhạc classical với các bản giao hưởng của Mozart,,,,,,,,,,,,,,,,,,,Hãy cho tôi biết về bài báo nóng hổi nhất hôm nay,Cập nhập cho tôi bài báo được đọc nhiều nhất,Cập nhật và chọn bài báo thứ hai trong danh sách để đọc
Tìm bài hát nhạc samba nổi bật từ các nghệ sĩ của Latin,,,,,,,,,,,,,,,,,,,Cho tôi biết về bài báo nóng nhất,Tìm hiểu về bài báo được đọc nhiều nhất,Cho tôi biết chi tiết về bài báo thứ hai bạn đã tìm thấy
Phát danh sách nhạc nhạc trữ tình Việt Nam ngọt ngào,,,,,,,,,,,,,,,,,,,Tìm kiếm tin nóng hổi nhất,Kể tôi nghe về bài báo được đọc nhiều nhất,Chọn và đọc bài báo thứ ba cho tôi
Tìm những bài hát trữ tình được yêu thích của các nghệ sĩ Việt Nam,,,,,,,,,,,,,,,,,,,Cập nhập cho tôi bài báo nóng hổi nhất,Tìm cho tôi bài báo được đọc nhiều nhất,"Tôi muốn biết nội dung của bài báo thứ ba, hãy đọc nó cho tôi"
Nghe nhạc trữ tình Việt Nam cổ điển với những giai điệu đằm thắm,,,,,,,,,,,,,,,,,,,Tìm hiểu về bài báo nóng hổi nhất,Kể cho tôi những bài báo được đọc nhiều nhất đã xảy ra,Cập nhật về bài báo thứ ba và đọc mô tả chi tiết
Phát danh sách nhạc trữ tình Việt Nam nổi tiếng trong thập kỷ 80,,,,,,,,,,,,,,,,,,,Kể tôi nghe về bài báo nóng hổi nhất,Cung cấp cho tôi bài báo được đọc nhiều nhất,Đọc bài báo thứ ba bạn tìm thấy và kể tôi về nó
Tìm những bài hát trữ tình Việt Nam thể hiện cảm xúc sâu lắng,,,,,,,,,,,,,,,,,,,Tìm cho tôi bài báo nóng hổi,Những bài báo được đọc nhiều nhất đang diễn ra hiện tại,Hãy chọn bài báo thứ ba và đọc tóm tắt của nó
Nghe nhạc trữ tình Việt Nam phát triển gần đây của các nghệ sĩ trẻ,,,,,,,,,,,,,,,,,,,Kể cho tôi những bài báo nóng hổi đã xảy ra,Tiêu điểm bài báo được đọc nhiều nhất,"Tôi muốn biết bài báo thứ ba, hãy chọn và đọc cho tôi"
Phát danh sách nhạc trữ tình Việt Nam với tiếng hát quyến rũ,,,,,,,,,,,,,,,,,,,Cung cấp cho tôi bài báo nóng hổi nhất,Đưa tôi bài báo được đọc nhiều nhất,Chọn cho tôi bài báo thứ ba và đưa ra những thông bài báo quan trọng
Tìm những bài hát trữ tình Việt Nam mang thông điệp tình yêu đẹp,,,,,,,,,,,,,,,,,,,Những bài báo nóng hổi đang diễn ra hiện tại,Diễn biến bài báo được đọc nhiều nhất,Đọc tóm tắt của bài báo thứ ba để tôi có cái nhìn tổng quan
Nghe nhạc trữ tình Việt Nam của các ca sĩ thế hệ vàng,,,,,,,,,,,,,,,,,,,Tiêu điểm bài báo nóng hổi nhất,Kể cho tôi những bài báo được đọc nhiều nhất đang diễn ra,Cập nhật và chọn bài báo thứ ba trong danh sách để đọc
Phát danh sách nhạc trữ tình Việt Nam với lời ca cảm động,,,,,,,,,,,,,,,,,,,Đưa tôi bài báo nóng hổi nhất,Tìm hiểu cho tôi bài báo được đọc nhiều nhất đang diễn ra,Cho tôi biết chi tiết về bài báo thứ ba bạn đã tìm thấy
Tìm những bài hát trữ tình Việt Nam từ những tác giả nổi tiếng,,,,,,,,,,,,,,,,,,,Diễn biến bài báo nóng hổi nhất,Tìm cho tôi bài báo được đọc nhiều nhất,
Nghe nhạc trữ tình Việt Nam với giai điệu ngọt ngào,,,,,,,,,,,,,,,,,,,Kể cho tôi những bài báo nóng hổi nhất đang diễn ra,Cập nhập những bài báo được đọc nhiều nhất,
Phát danh sách nhạc trữ tình Việt Nam với tiếng hát đặc biệt,,,,,,,,,,,,,,,,,,,Tìm hiểu cho tôi bài báo nóng hổi nhất đang diễn ra,Tìm kiếm bài báo được đọc nhiều nhất,
Tìm những bài hát trữ tình Việt Nam đậm chất cảm xúc,,,,,,,,,,,,,,,,,,,Tìm cho tôi bài báo nóng hổi nhất,1 số bài báo được đọc nhiều nhất,
Nghe nhạc trữ tình Việt Nam với những giai điệu du dương,,,,,,,,,,,,,,,,,,,Cập nhập những bài báo gây sốt nhất,bài báo được đọc nhiều nhất hôm nay là gì,
Phát danh sách nhạc trữ tình Việt Nam mang nét đặc trưng riêng,,,,,,,,,,,,,,,,,,,Tìm kiếm bài báo gây sốt nhất,Hãy cho tôi biết về bài báo được đọc nhiều nhất hôm nay,
Tìm những bài hát trữ tình Việt Nam với lời thoại ý nghĩa,,,,,,,,,,,,,,,,,,,1 số bài báo gây sốt nhất,Cho tôi biết về bài báo gần nhất,
Nghe nhạc trữ tình Việt Nam của các nghệ sĩ nổi tiếng,,,,,,,,,,,,,,,,,,,bài báo gây sốt nhất hôm nay là gì,Tìm kiếm tin được đọc nhiều nhất,
Phát danh sách nhạc trữ tình Việt Nam để thư giãn sau ngày làm việc,,,,,,,,,,,,,,,,,,,Hãy cho tôi biết về bài báo gây sốt nhất hôm nay,Cập nhập cho tôi bài báo được đọc nhiều nhất,
Tìm những bài hát trữ tình Việt Nam với giai điệu tinh tế,,,,,,,,,,,,,,,,,,,Cho tôi biết về bài báo gần nhất,Tìm hiểu về bài báo được đọc nhiều nhất,
Nghe nhạc trữ tình Việt Nam của các ca sĩ nam tài năng,,,,,,,,,,,,,,,,,,,Tìm kiếm tin gây sốt nhất,Kể tôi nghe về bài báo được đọc nhiều nhất,
Tìm những bài hát trữ tình Việt Nam mang hơi thở của quê hương,,,,,,,,,,,,,,,,,,,Cập nhập cho tôi bài báo gây sốt nhất,Tìm cho tôi bài báo được đọc nhiều nhất,
Nghe nhạc trữ tình Việt Nam của các nghệ sĩ nữ tài năng,,,,,,,,,,,,,,,,,,,Tìm hiểu về bài báo gây sốt nhất,Kể cho tôi những bài báo được đọc nhiều nhất đã xảy ra,
Tìm những bài hát trữ tình Việt Nam thể hiện tình yêu đôi lứa,,,,,,,,,,,,,,,,,,,Kể tôi nghe về bài báo gây sốt nhất,Cung cấp cho tôi bài báo được đọc nhiều nhất,
Nghe nhạc trữ tình Việt Nam với những giai điệu dễ nghe,,,,,,,,,,,,,,,,,,,Tìm cho tôi bài báo gây sốt nhất,Những bài báo được đọc nhiều nhất đang diễn ra hiện tại,
Phát danh sách nhạc trữ tình Việt Nam của các nghệ sĩ thế hệ vàng,,,,,,,,,,,,,,,,,,,Kể cho tôi những bài báo gây sốt nhất đã xảy ra,Tiêu điểm bài báo được đọc nhiều nhất,
Tìm những bài hát trữ tình Việt Nam nổi tiếng từng thập kỷ,,,,,,,,,,,,,,,,,,,Cung cấp cho tôi bài báo gây sốt nhất,Đưa tôi bài báo được đọc nhiều nhất,
Nghe nhạc trữ tình Việt Nam với tiếng hát độc đáo,,,,,,,,,,,,,,,,,,,Những bài báo gây sốt nhất đang diễn ra hiện tại,Diễn biến bài báo được đọc nhiều nhất,
Phát danh sách nhạc trữ tình Việt Nam để tận hưởng không gian lãng mạn,,,,,,,,,,,,,,,,,,,Tiêu điểm bài báo gây sốt nhất,Kể cho tôi những bài báo được đọc nhiều nhất đang diễn ra,
Tìm những bài hát trữ tình Việt Nam với lời thoại ý nghĩa về cuộc sống,,,,,,,,,,,,,,,,,,,Đưa tôi bài báo gây sốt nhất,Tìm hiểu cho tôi bài báo được đọc nhiều nhất đang diễn ra,
Nghe nhạc trữ tình Việt Nam của các ca sĩ nam được lòng khán giả,,,,,,,,,,,,,,,,,,,Diễn biến bài báo gây sốt nhất,Tìm cho tôi bài báo được đọc nhiều nhất,
Phát danh sách nhạc trữ tình Việt Nam để thư giãn sau một ngày dài,,,,,,,,,,,,,,,,,,,Kể cho tôi những bài báo gây sốt nhất đang diễn ra,Cập nhập những bài báo được đọc nhiều nhất,
Tìm những bài hát trữ tình Việt Nam với giai điệu sâu lắng,,,,,,,,,,,,,,,,,,,Tìm hiểu cho tôi bài báo gây sốt nhất đang diễn ra,Tìm kiếm bài báo được đọc nhiều nhất,
Nghe nhạc trữ tình Việt Nam của các nghệ sĩ nữ gợi cảm xúc,,,,,,,,,,,,,,,,,,,Tìm cho tôi bài báo gây sốt nhất,1 số bài báo được đọc nhiều nhất,
Phát danh sách nhạc trữ tình Việt Nam với tiếng hát ngọt ngào,,,,,,,,,,,,,,,,,,,Cập nhập những bài báo hot nhất,bài báo được đọc nhiều nhất hôm nay là gì,
Nghe nhạc trữ tình Việt Nam với giai điệu ngọt ngào và cảm động,,,,,,,,,,,,,,,,,,,Tìm kiếm bài báo hot nhất,Hãy cho tôi biết về bài báo được đọc nhiều nhất hôm nay,
Phát danh sách nhạc trữ tình Việt Nam của các ca sĩ được lòng khán giả,,,,,,,,,,,,,,,,,,,1 số bài báo hot nhất,Hãy cho tôi biết về bài báo được đọc nhiều nhất hôm nay,
Phát danh sách nhạc trữ tình Việt Nam của những nghệ sĩ nổi tiếng thế hệ trước,,,,,,,,,,,,,,,,,,,bài báo hot nhất hôm nay là gì,Cho tôi biết về bài báo được đọc nhiều nhất,
Tìm những bài hát trữ tình Việt Nam từ các ca sĩ có tiếng trong làng nhạc,,,,,,,,,,,,,,,,,,,Hãy cho tôi biết về bài báo hot nhất hôm nay,Tìm kiếm tin được đọc nhiều nhất,
Nghe nhạc trữ tình Việt Nam với những giai điệu thật sâu lắng và tình cảm,,,,,,,,,,,,,,,,,,,Hãy cho tôi biết về bài báo hot nhất hôm nay,Cập nhập cho tôi bài báo được đọc nhiều nhất,
Phát danh sách nhạc trữ tình Việt Nam với tiếng hát đầy nội lực,,,,,,,,,,,,,,,,,,,Cho tôi biết về bài báo gần nhất,Tìm hiểu về bài báo được đọc nhiều nhất,
Tìm những bài hát trữ tình Việt Nam thể hiện tâm hồn của người Việt,,,,,,,,,,,,,,,,,,,Tìm kiếm tin hot nhất,Kể tôi nghe về bài báo được đọc nhiều nhất,
Nghe nhạc trữ tình Việt Nam của các nghệ sĩ nữ với sự quyến rũ đặc biệt,,,,,,,,,,,,,,,,,,,Cập nhập cho tôi bài báo hot nhất,Tìm cho tôi bài báo được đọc nhiều nhất,
Phát danh sách nhạc trữ tình Việt Nam để tạo không gian lãng mạn trong buổi tối,,,,,,,,,,,,,,,,,,,Tìm hiểu về bài báo hot nhất,Kể cho tôi những bài báo được đọc nhiều nhất đã xảy ra,
Tìm những bài hát trữ tình Việt Nam với những lời thoại đằm thắm,,,,,,,,,,,,,,,,,,,Kể tôi nghe về bài báo hot nhất,Cung cấp cho tôi bài báo được đọc nhiều nhất,
Nghe nhạc trữ tình Việt Nam của các nghệ sĩ nam mang dấu ấn đặc biệt,,,,,,,,,,,,,,,,,,,Tìm cho tôi bài báo hot nhất,Những bài báo được đọc nhiều nhất đang diễn ra hiện tại,
Phát danh sách nhạc trữ tình Việt Nam để tận hưởng không gian tĩnh lặng,,,,,,,,,,,,,,,,,,,Kể cho tôi những bài báo hot nhất đã xảy ra,Tiêu điểm bài báo được đọc nhiều nhất,
Phát danh sách nhạc trữ tình Việt Nam với tiếng hát mượt mà và ngọt ngào,,,,,,,,,,,,,,,,,,,Cung cấp cho tôi bài báo hot nhất,Đưa tôi bài báo được đọc nhiều nhất,
Tìm những bài hát trữ tình Việt Nam nổi tiếng từ thập kỷ 90,,,,,,,,,,,,,,,,,,,Những bài báo hot nhất đang diễn ra hiện tại,Diễn biến bài báo được đọc nhiều nhất,
Nghe nhạc trữ tình Việt Nam của các ca sĩ nữ với sự sâu lắng trong tiếng hát,,,,,,,,,,,,,,,,,,,Tiêu điểm bài báo hot nhất,Kể cho tôi những bài báo được đọc nhiều nhất đang diễn ra,
Phát danh sách nhạc trữ tình Việt Nam của các nghệ sĩ trẻ triển vọng,,,,,,,,,,,,,,,,,,,Đưa tôi bài báo hot nhất,Tìm hiểu cho tôi bài báo được đọc nhiều nhất đang diễn ra,
Tìm những bài hát trữ tình Việt Nam với lời thoại ý nghĩa về tình yêu và cuộc sống,,,,,,,,,,,,,,,,,,,Diễn biến bài báo hot nhất,Tìm cho tôi bài báo được đọc nhiều nhất,
Nghe nhạc trữ tình Việt Nam cổ điển mang đậm nét đặc trưng của thời kỳ vàng son,,,,,,,,,,,,,,,,,,,Kể cho tôi những bài báo hot nhất đang diễn ra,Cập nhập những thông tin được đọc nhiều nhất,
Phát danh sách nhạc trữ tình Việt Nam để tạo không gian lãng mạn cho buổi hẹn hò,,,,,,,,,,,,,,,,,,,Tìm hiểu cho tôi bài báo hot nhất đang diễn ra,Tìm kiếm thông tin được đọc nhiều nhất,
Tìm những bài hát trữ tình Việt Nam với những giai điệu tuyệt vời,,,,,,,,,,,,,,,,,,,Tìm cho tôi bài báo hot nhất,1 số thông tin được đọc nhiều nhất,
Nghe nhạc trữ tình Việt Nam của các ca sĩ nam có tiếng trong làng nhạc,,,,,,,,,,,,,,,,,,,Cập nhập những thông tin nóng nhất,thông tin được đọc nhiều nhất hôm nay là gì,
Phát danh sách nhạc trữ tình Việt Nam để thư giãn sau một ngày dài làm việc,,,,,,,,,,,,,,,,,,,Tìm kiếm thông tin nóng nhất,Hãy cho tôi biết về thông tin được đọc nhiều nhất hôm nay,
Tìm những bài hát trữ tình Việt Nam với giai điệu dễ nghe và dễ nhớ,,,,,,,,,,,,,,,,,,,1 số thông tin nóng nhất,Cho tôi biết về thông tin được đọc nhiều nhất,
Nghe nhạc trữ tình Việt Nam của các nghệ sĩ nữ gợi cảm xúc sâu lắng,,,,,,,,,,,,,,,,,,,thông tin nóng nhất hôm nay là gì,Tìm kiếm tin được đọc nhiều nhất,
Phát danh sách nhạc trữ tình Việt Nam với những bản ballad đầy cảm xúc,,,,,,,,,,,,,,,,,,,Hãy cho tôi biết về thông tin nóng nhất hôm nay,Cập nhập cho tôi thông tin được đọc nhiều nhất,
Tìm những bài hát trữ tình Việt Nam với lời ca đằm thắm về tình yêu,,,,,,,,,,,,,,,,,,,Cho tôi biết về thông tin nóng nhất,Tìm hiểu về thông tin được đọc nhiều nhất,
Nghe nhạc trữ tình Việt Nam của các ca sĩ có tiếng từ thập kỷ 80,,,,,,,,,,,,,,,,,,,Tìm kiếm tin nóng nhất,Kể tôi nghe về thông tin được đọc nhiều nhất,
Phát danh sách nhạc trữ tình Việt Nam với tiếng hát quyến rũ và đầy sức lôi cuốn,,,,,,,,,,,,,,,,,,,Cập nhập cho tôi thông tin nóng nhất,Tìm cho tôi thông tin được đọc nhiều nhất,
Tìm những bài hát trữ tình Việt Nam thể hiện những cảm xúc sâu lắng về cuộc sống,,,,,,,,,,,,,,,,,,,Tìm hiểu về thông tin nóng nhất,Kể cho tôi những thông tin được đọc nhiều nhất đã xảy ra,
Nghe nhạc trữ tình Việt Nam của các nghệ sĩ nam với tiếng hát độc đáo,,,,,,,,,,,,,,,,,,,Kể tôi nghe về thông tin nóng nhất,Cung cấp cho tôi thông tin được đọc nhiều nhất,
Phát danh sách nhạc trữ tình Việt Nam để tận hưởng không gian thư giãn và yên bình,,,,,,,,,,,,,,,,,,,Tìm cho tôi thông tin nóng,Những thông tin được đọc nhiều nhất đang diễn ra hiện tại,
Tìm những bài hát trữ tình Việt Nam với những lời thoại ý nghĩa về tình thương,,,,,,,,,,,,,,,,,,,Kể cho tôi những thông tin nóng đã xảy ra,Tiêu điểm thông tin được đọc nhiều nhất,
Nghe nhạc trữ tình Việt Nam của các nghệ sĩ nữ có sự nổi bật trong làng nhạc,,,,,,,,,,,,,,,,,,,Cung cấp cho tôi thông tin nóng nhất,Đưa tôi thông tin được đọc nhiều nhất,
Phát danh sách nhạc trữ tình Việt Nam với tiếng hát đặc biệt và đẳng cấp,,,,,,,,,,,,,,,,,,,Những thông tin nóng nhất đang diễn ra hiện tại,Diễn biến thông tin được đọc nhiều nhất,
Tìm những bài hát trữ tình Việt Nam với giai điệu đậm chất quê hương,,,,,,,,,,,,,,,,,,,Tiêu điểm thông tin nóng nhất,Kể cho tôi những thông tin được đọc nhiều nhất đang diễn ra,
Nghe nhạc trữ tình Việt Nam của các nghệ sĩ nam được lòng khán giả,,,,,,,,,,,,,,,,,,,Đưa tôi thông tin nóng nhất,Tìm hiểu cho tôi thông tin được đọc nhiều nhất đang diễn ra,
Phát danh sách nhạc trữ tình Việt Nam với những ca khúc thực sự đặc biệt,,,,,,,,,,,,,,,,,,,Diễn biến thông tin nóng nhất,Tìm cho tôi thông tin được đọc nhiều nhất,
Tìm những bài hát trữ tình Việt Nam với tiếng hát đầy cảm xúc và sâu lắng,,,,,,,,,,,,,,,,,,,Kể cho tôi những thông tin nóng nhất đang diễn ra,Cập nhập những thông tin được đọc nhiều nhất,
Nghe nhạc trữ tình Việt Nam của các ca sĩ nữ với những bản ballad đẳng cấp,,,,,,,,,,,,,,,,,,,Tìm hiểu cho tôi thông tin nóng nhất đang diễn ra,Tìm kiếm thông tin được đọc nhiều nhất,
Phát danh sách nhạc trữ tình Việt Nam để tạo không gian tuyệt vời trong buổi tiệc tùng,,,,,,,,,,,,,,,,,,,Tìm cho tôi thông tin nóng nhất,1 số thông tin được đọc nhiều nhất,
Tìm những bài hát trữ tình Việt Nam với những giai điệu đầy sức sống,,,,,,,,,,,,,,,,,,,Cập nhập những thông tin nóng hổi nhất,thông tin được đọc nhiều nhất hôm nay là gì,
Nghe nhạc trữ tình Việt Nam của các nghệ sĩ nữ với tiếng hát ngọt ngào và ấm áp,,,,,,,,,,,,,,,,,,,Tìm kiếm thông tin nóng hổi nhất,Hãy cho tôi biết về thông tin được đọc nhiều nhất hôm nay,
Phát danh sách nhạc trữ tình Việt Nam của các ca sĩ thế hệ vàng,,,,,,,,,,,,,,,,,,,1 số thông tin nóng hổi nhất,Cho tôi biết về thông tin được đọc nhiều nhất,
Tìm những bài hát trữ tình Việt Nam nổi tiếng từ những năm 2000,,,,,,,,,,,,,,,,,,,thông tin nóng hổi nhất hôm nay là gì,Tìm kiếm tin được đọc nhiều nhất,
Nghe nhạc trữ tình Việt Nam với những giai điệu nhẹ nhàng và tinh tế,,,,,,,,,,,,,,,,,,,Hãy cho tôi biết về thông tin nóng hổi nhất hôm nay,Cập nhập cho tôi thông tin được đọc nhiều nhất,
Phát danh sách nhạc trữ tình Việt Nam với tiếng hát tài năng và đặc biệt,,,,,,,,,,,,,,,,,,,Cho tôi biết về thông tin nóng nhất,Tìm hiểu về thông tin được đọc nhiều nhất,
Tìm những bài hát trữ tình Việt Nam thể hiện tâm hồn sâu lắng của người Việt,,,,,,,,,,,,,,,,,,,Tìm kiếm tin nóng hổi nhất,Kể tôi nghe về thông tin được đọc nhiều nhất,
Nghe nhạc trữ tình Việt Nam của các ca sĩ nữ với tiếng hát đầy cảm xúc,,,,,,,,,,,,,,,,,,,Cập nhập cho tôi thông tin nóng hổi nhất,Tìm cho tôi thông tin được đọc nhiều nhất,
Phát danh sách nhạc trữ tình Việt Nam để tạo không gian lãng mạn cho cuộc hẹn hò,,,,,,,,,,,,,,,,,,,Tìm hiểu về thông tin nóng hổi nhất,Kể cho tôi những thông tin được đọc nhiều nhất đã xảy ra,
Tìm những bài hát trữ tình Việt Nam với lời thoại đầy sức sống,,,,,,,,,,,,,,,,,,,Kể tôi nghe về thông tin nóng hổi nhất,Cung cấp cho tôi thông tin được đọc nhiều nhất,
Phát danh sách nhạc trữ tình Việt Nam để thư giãn sau một ngày làm việc,,,,,,,,,,,,,,,,,,,Tìm cho tôi thông tin nóng hổi,Những thông tin được đọc nhiều nhất đang diễn ra hiện tại,
Phát danh sách nhạc trữ tình Việt Nam của những ca sĩ nữ được yêu thích,,,,,,,,,,,,,,,,,,,Kể cho tôi những thông tin nóng hổi đã xảy ra,Tiêu điểm thông tin được đọc nhiều nhất,
Nghe nhạc trữ tình Việt Nam của các nghệ sĩ nam với tiếng hát truyền cảm,,,,,,,,,,,,,,,,,,,Cung cấp cho tôi thông tin nóng hổi nhất,Đưa tôi thông tin được đọc nhiều nhất,
Phát danh sách nhạc trữ tình Việt Nam với tiếng hát ngọt ngào và dễ nghe,,,,,,,,,,,,,,,,,,,Những thông tin nóng hổi đang diễn ra hiện tại,Diễn biến thông tin được đọc nhiều nhất,
Tìm những bài hát trữ tình Việt Nam mang thông điệp tích cực về tình yêu,,,,,,,,,,,,,,,,,,,Tiêu điểm thông tin nóng hổi nhất,Kể cho tôi những thông tin được đọc nhiều nhất đang diễn ra,
Nghe nhạc trữ tình Việt Nam của các ca sĩ thế hệ vàng với tiếng hát đặc biệt,,,,,,,,,,,,,,,,,,,Đưa tôi thông tin nóng hổi nhất,Tìm hiểu cho tôi thông tin được đọc nhiều nhất đang diễn ra,
Phát danh sách nhạc trữ tình Việt Nam để tạo không gian lãng mạn cho buổi tối,,,,,,,,,,,,,,,,,,,Diễn biến thông tin nóng hổi nhất,Tìm cho tôi thông tin được đọc nhiều nhất,
Nghe nhạc trữ tình Việt Nam của các nghệ sĩ nữ với tiếng hát đầy cảm xúc,,,,,,,,,,,,,,,,,,,Kể cho tôi những thông tin nóng hổi nhất đang diễn ra,Cập nhập những thông tin được đọc nhiều nhất,
Phát danh sách nhạc trữ tình Việt Nam để tận hưởng không gian yên bình và ấm áp,,,,,,,,,,,,,,,,,,,Tìm hiểu cho tôi thông tin nóng hổi nhất đang diễn ra,Tìm kiếm thông tin được đọc nhiều nhất,
Tìm những bài hát trữ tình Việt Nam với lời thoại đằm thắm về tình yêu,,,,,,,,,,,,,,,,,,,Tìm cho tôi thông tin nóng hổi nhất,1 số thông tin được đọc nhiều nhất,
Nghe nhạc trữ tình Việt Nam của các ca sĩ nữ với những bản ballad đầy cảm xúc,,,,,,,,,,,,,,,,,,,Cập nhập những thông tin gây sốt nhất,thông tin được đọc nhiều nhất hôm nay là gì,
Phát danh sách nhạc trữ tình Việt Nam với tiếng hát đặc biệt và quyến rũ,,,,,,,,,,,,,,,,,,,Tìm kiếm thông tin gây sốt nhất,Hãy cho tôi biết về thông tin được đọc nhiều nhất hôm nay,
Tìm những bài hát trữ tình Việt Nam với những giai điệu tinh tế,,,,,,,,,,,,,,,,,,,1 số thông tin gây sốt nhất,Cho tôi biết về thông tin gần nhất,
Nghe nhạc trữ tình Việt Nam của các nghệ sĩ nam có tiếng trong làng nhạc,,,,,,,,,,,,,,,,,,,thông tin gây sốt nhất hôm nay là gì,Tìm kiếm tin được đọc nhiều nhất,
Tìm những bài hát trữ tình Việt Nam với lời thoại ý nghĩa về tình thương,,,,,,,,,,,,,,,,,,,Hãy cho tôi biết về thông tin gây sốt nhất hôm nay,Cập nhập cho tôi thông tin được đọc nhiều nhất,
Phát nhạc Pop Việt đang hot hiện nay,,,,,,,,,,,,,,,,,,,Cho tôi biết về thông tin gần nhất,Tìm hiểu về thông tin được đọc nhiều nhất,
Tìm những bài hát Rap Việt mới nhất,,,,,,,,,,,,,,,,,,,Tìm kiếm tin gây sốt nhất,Kể tôi nghe về thông tin được đọc nhiều nhất,
Nghe ca khúc EDM nổi tiếng của nghệ sĩ Việt Nam,,,,,,,,,,,,,,,,,,,Cập nhập cho tôi thông tin gây sốt nhất,Tìm cho tôi thông tin được đọc nhiều nhất,
Phát nhạc Rock Việt được yêu thích trong thập kỷ qua,,,,,,,,,,,,,,,,,,,Tìm hiểu về thông tin gây sốt nhất,Kể cho tôi những thông tin được đọc nhiều nhất đã xảy ra,
Tìm nhạc Bolero Việt nam với giai điệu dễ nghe,,,,,,,,,,,,,,,,,,,Kể tôi nghe về thông tin gây sốt nhất,Cung cấp cho tôi thông tin được đọc nhiều nhất,
Nghe nhạc R&B Việt nam mang âm hưởng quốc tế,,,,,,,,,,,,,,,,,,,Tìm cho tôi thông tin gây sốt nhất,Những thông tin được đọc nhiều nhất đang diễn ra hiện tại,
Phát danh sách nhạc Indie Việt nam của các ban nhạc độc lập,,,,,,,,,,,,,,,,,,,Kể cho tôi những thông tin gây sốt nhất đã xảy ra,Tiêu điểm thông tin được đọc nhiều nhất,
Tìm nhạc nhẹ nhàng phù hợp cho buổi tối thư giãn,,,,,,,,,,,,,,,,,,,Cung cấp cho tôi thông tin gây sốt nhất,Đưa tôi thông tin được đọc nhiều nhất,
Nghe nhạc Rap Việt nam của các nghệ sĩ trẻ triển vọng,,,,,,,,,,,,,,,,,,,Những thông tin gây sốt nhất đang diễn ra hiện tại,Diễn biến thông tin được đọc nhiều nhất,
Phát nhạc Pop Ballad Việt nam thể hiện tâm hồn sâu lắng,,,,,,,,,,,,,,,,,,,Tiêu điểm thông tin gây sốt nhất,Kể cho tôi những thông tin được đọc nhiều nhất đang diễn ra,
Tìm nhạc phim trường Việt nam với những bản nhạc cảm động,,,,,,,,,,,,,,,,,,,Đưa tôi thông tin gây sốt nhất,Tìm hiểu cho tôi thông tin được đọc nhiều nhất đang diễn ra,
Nghe nhạc Acoustic Việt nam của các ca sĩ tài năng,,,,,,,,,,,,,,,,,,,Diễn biến thông tin gây sốt nhất,Tìm cho tôi thông tin được đọc nhiều nhất,
Phát nhạc Dance Việt nam để tạo không gian sôi động,,,,,,,,,,,,,,,,,,,Kể cho tôi những thông tin gây sốt nhất đang diễn ra,Cập nhập những thông tin được đọc nhiều nhất,
Tìm nhạc Bolero trữ tình của các ca sĩ nổi tiếng,,,,,,,,,,,,,,,,,,,Tìm hiểu cho tôi thông tin gây sốt nhất đang diễn ra,Tìm kiếm thông tin được đọc nhiều nhất,
Nghe nhạc Electronic Việt nam với những beat điện tử,,,,,,,,,,,,,,,,,,,Tìm cho tôi thông tin gây sốt nhất,1 số thông tin được đọc nhiều nhất,
Phát nhạc Pop Ballad Việt nam với lời thoại ý nghĩa,,,,,,,,,,,,,,,,,,,Cập nhập những thông tin hot nhất,thông tin được đọc nhiều nhất hôm nay là gì,
Tìm nhạc nhẹ nhàng dành cho buổi sáng thư giãn,,,,,,,,,,,,,,,,,,,Tìm kiếm thông tin hot nhất,Hãy cho tôi biết về thông tin được đọc nhiều nhất hôm nay,
Nghe nhạc Hiphop Việt nam với tiếng rap đầy sôi động,,,,,,,,,,,,,,,,,,,1 số thông tin hot nhất,Cho tôi biết về thông tin được đọc nhiều nhất,
Phát nhạc nhẹ nhàng dành cho buổi tối thư giãn,,,,,,,,,,,,,,,,,,,thông tin hot nhất hôm nay là gì,Tìm kiếm tin được đọc nhiều nhất,
Tìm nhạc dành cho buổi tiệc tùng cuối tuần,,,,,,,,,,,,,,,,,,,Hãy cho tôi biết về thông tin hot nhất hôm nay,Cập nhập cho tôi thông tin được đọc nhiều nhất,
Nghe nhạc trữ tình Việt nam của thập kỷ 90,,,,,,,,,,,,,,,,,,,Hãy cho tôi biết về thông tin hot nhất hôm nay,Tìm hiểu về thông tin được đọc nhiều nhất,
Phát nhạc Pop Việt nam với tiếng hát đặc biệt,,,,,,,,,,,,,,,,,,,Cho tôi biết về thông tin gần nhất,Kể tôi nghe về thông tin được đọc nhiều nhất,
Tìm nhạc của các nghệ sĩ nam nổi tiếng,,,,,,,,,,,,,,,,,,,Tìm kiếm tin hot nhất,Tìm cho tôi thông tin được đọc nhiều nhất,
Nghe nhạc của các nghệ sĩ nữ trẻ đang nổi bật,,,,,,,,,,,,,,,,,,,Cập nhập cho tôi thông tin hot nhất,Kể cho tôi những thông tin được đọc nhiều nhất đã xảy ra,
Phát nhạc từ các ban nhạc Indie Việt nam,,,,,,,,,,,,,,,,,,,Tìm hiểu về thông tin hot nhất,Cung cấp cho tôi thông tin được đọc nhiều nhất,
Tìm nhạc Ballad Việt nam với lời thoại cảm động,,,,,,,,,,,,,,,,,,,Kể tôi nghe về thông tin hot nhất,Những thông tin được đọc nhiều nhất đang diễn ra hiện tại,
Nghe nhạc Rock Việt nam của các nghệ sĩ đỉnh cao,,,,,,,,,,,,,,,,,,,Tìm cho tôi thông tin hot nhất,Tiêu điểm thông tin được đọc nhiều nhất,
Phát nhạc của các nghệ sĩ nam có tiếng trong làng nhạc,,,,,,,,,,,,,,,,,,,Kể cho tôi những thông tin hot nhất đã xảy ra,Đưa tôi thông tin được đọc nhiều nhất,
Tìm nhạc của các nghệ sĩ nữ có sự quyến rũ đặc biệt,,,,,,,,,,,,,,,,,,,Cung cấp cho tôi thông tin hot nhất,Diễn biến thông tin được đọc nhiều nhất,
Nghe nhạc Bolero Việt nam với tiếng hát đằm thắm,,,,,,,,,,,,,,,,,,,Những thông tin hot nhất đang diễn ra hiện tại,Kể cho tôi những thông tin được đọc nhiều nhất đang diễn ra,
Phát nhạc Bolero Việt nam với tiếng hát ngọt ngào,,,,,,,,,,,,,,,,,,,Tiêu điểm thông tin hot nhất,Tìm hiểu cho tôi thông tin được đọc nhiều nhất đang diễn ra,
Tìm nhạc của các ca sĩ nam nổi tiếng về thập kỷ 80,,,,,,,,,,,,,,,,,,,Đưa tôi thông tin hot nhất,Tìm cho tôi thông tin được đọc nhiều nhất,
Nghe nhạc của các ca sĩ nữ nổi tiếng về thập kỷ 90,,,,,,,,,,,,,,,,,,,Diễn biến thông tin hot nhất,Cập nhập những sự kiện được đọc nhiều nhất,
Phát nhạc R&B Việt nam với những giai điệu đặc biệt,,,,,,,,,,,,,,,,,,,Kể cho tôi những thông tin hot nhất đang diễn ra,Tìm kiếm sự kiện được đọc nhiều nhất,
Tìm nhạc R&B Việt nam của các ca sĩ có tiếng,,,,,,,,,,,,,,,,,,,Tìm hiểu cho tôi thông tin hot nhất đang diễn ra,1 số sự kiện được đọc nhiều nhất,
Nghe nhạc EDM Việt nam với những beat sôi động,,,,,,,,,,,,,,,,,,,Tìm cho tôi thông tin hot nhất,sự kiện được đọc nhiều nhất hôm nay là gì,
Phát nhạc của các ca sĩ nữ trẻ triển vọng,,,,,,,,,,,,,,,,,,,Cập nhập những sự kiện nóng nhất,Hãy cho tôi biết về sự kiện được đọc nhiều nhất hôm nay,
Tìm nhạc của các nghệ sĩ nam trẻ triển vọng,,,,,,,,,,,,,,,,,,,Tìm kiếm sự kiện nóng nhất,Cho tôi biết về sự kiện được đọc nhiều nhất,
Nghe nhạc của các nghệ sĩ nam có tiếng trong làng nhạc,,,,,,,,,,,,,,,,,,,1 số sự kiện nóng nhất,Tìm kiếm sự kiện được đọc nhiều nhất,
Phát nhạc của các nghệ sĩ nữ nổi tiếng,,,,,,,,,,,,,,,,,,,sự kiện nóng nhất hôm nay là gì,Cập nhập cho tôi sự kiện được đọc nhiều nhất,
Tìm nhạc Rap Việt nam với tiếng rap đầy sôi động,,,,,,,,,,,,,,,,,,,Hãy cho tôi biết về sự kiện nóng nhất hôm nay,Tìm hiểu về sự kiện được đọc nhiều nhất,
Nghe nhạc nhẹ nhàng phù hợp cho buổi picnic cuối tuần,,,,,,,,,,,,,,,,,,,Cho tôi biết về sự kiện nóng nhất,Kể tôi nghe về sự kiện được đọc nhiều nhất,
Nghe nhạc Electronic Việt nam với những beat điện tử sôi động,,,,,,,,,,,,,,,,,,,Tìm kiếm sự kiện nóng nhất,Tìm cho tôi sự kiện được đọc nhiều nhất,
Phát danh sách nhạc Dance Việt nam để tạo không gian sôi động,,,,,,,,,,,,,,,,,,,Cập nhập cho tôi sự kiện nóng nhất,Kể cho tôi những sự kiện được đọc nhiều nhất đã xảy ra,
Tìm nhạc nhẹ nhàng dành cho buổi sáng bình dị,,,,,,,,,,,,,,,,,,,Tìm hiểu về sự kiện nóng nhất,Cung cấp cho tôi sự kiện được đọc nhiều nhất,
Phát nhạc Pop Việt nam với tiếng hát đặc biệt và truyền cảm,,,,,,,,,,,,,,,,,,,Kể tôi nghe về sự kiện nóng nhất,Những sự kiện được đọc nhiều nhất đang diễn ra hiện tại,
Tìm nhạc Pop Việt nam của các nghệ sĩ nữ được yêu thích,,,,,,,,,,,,,,,,,,,Tìm cho tôi sự kiện nóng nhất,Tiêu điểm sự kiện được đọc nhiều nhất,
Phát nhạc Dance Việt nam để tạo không gian sôi động cho buổi tiệc tùng,,,,,,,,,,,,,,,,,,,Kể cho tôi những sự kiện nóng đã xảy ra,Đưa tôi sự kiện được đọc nhiều nhất,
Tìm nhạc Pop Ballad Việt nam với lời thoại ý nghĩa,,,,,,,,,,,,,,,,,,,Cung cấp cho tôi sự kiện nóng nhất,Diễn biến sự kiện được đọc nhiều nhất,
Nghe nhạc nhẹ nhàng dành cho buổi tối thư giãn sau công việc,,,,,,,,,,,,,,,,,,,Những sự kiện nóng nhất đang diễn ra hiện tại,Kể cho tôi những sự kiện được đọc nhiều nhất đang diễn ra,
Phát nhạc từ các ban nhạc Indie Việt nam có tiếng,,,,,,,,,,,,,,,,,,,Tiêu điểm sự kiện nóng nhất,Tìm hiểu cho tôi sự kiện được đọc nhiều nhất đang diễn ra,
Tìm nhạc nhẹ nhàng dành cho buổi tối thư giãn sau công việc,,,,,,,,,,,,,,,,,,,Đưa tôi sự kiện nóng nhất,Tìm cho tôi sự kiện được đọc nhiều nhất,
Nghe nhạc Bolero Việt nam với tiếng hát đằm thắm và cảm động,,,,,,,,,,,,,,,,,,,Diễn biến sự kiện nóng nhất,Cập nhập những sự kiện được đọc nhiều nhất,
Phát nhạc Bolero Việt nam với tiếng hát ngọt ngào và truyền cảm,,,,,,,,,,,,,,,,,,,Kể cho tôi những sự kiện nóng nhất đang diễn ra,Tìm kiếm sự kiện được đọc nhiều nhất,
Tìm nhạc của các ca sĩ nam nổi tiếng từ thập kỷ 90,,,,,,,,,,,,,,,,,,,Tìm hiểu cho tôi sự kiện nóng nhất đang diễn ra,1 số sự kiện được đọc nhiều nhất,
Nghe nhạc của các ca sĩ nữ nổi tiếng từ thập kỷ 2000,,,,,,,,,,,,,,,,,,,Tìm cho tôi sự kiện nóng nhất,sự kiện được đọc nhiều nhất hôm nay là gì,
Nghe nhạc EDM Việt nam với những beat điện tử sôi động,,,,,,,,,,,,,,,,,,,Cập nhập những sự kiện nóng hổi nhất,Hãy cho tôi biết về sự kiện được đọc nhiều nhất hôm nay,
Phát nhạc của các ca sĩ nữ trẻ triển vọng và tài năng,,,,,,,,,,,,,,,,,,,Tìm kiếm sự kiện nóng hổi nhất,Cho tôi biết về sự kiện được đọc nhiều nhất,
Tìm nhạc của các nghệ sĩ nam trẻ triển vọng và sáng tạo,,,,,,,,,,,,,,,,,,,1 số sự kiện nóng hổi nhất,Tìm kiếm sự kiện được đọc nhiều nhất,
Nghe nhạc của các nghệ sĩ nam có tiếng trong làng nhạc Việt,,,,,,,,,,,,,,,,,,,sự kiện nóng hổi nhất hôm nay là gì,Cập nhập cho tôi sự kiện được đọc nhiều nhất,
Phát nhạc của các nghệ sĩ nữ nổi tiếng và tài năng,,,,,,,,,,,,,,,,,,,Hãy cho tôi biết về sự kiện nóng hổi nhất hôm nay,Tìm hiểu về sự kiện được đọc nhiều nhất,
Tìm nhạc Indie Việt nam của các ban nhạc trẻ đầy triển vọng,,,,,,,,,,,,,,,,,,,Cho tôi biết về sự kiện nóng nhất,Kể tôi nghe về sự kiện được đọc nhiều nhất,
Nghe nhạc của các nghệ sĩ nam nổi tiếng về thập kỷ 80,,,,,,,,,,,,,,,,,,,Tìm kiếm sự kiện nóng hổi nhất,Tìm cho tôi sự kiện được đọc nhiều nhất,
Phát nhạc Pop Việt nam với tiếng hát đặc biệt và quyến rũ,,,,,,,,,,,,,,,,,,,Cập nhập cho tôi sự kiện nóng hổi nhất,Kể cho tôi những sự kiện được đọc nhiều nhất đã xảy ra,
Tìm nhạc của các ca sĩ nữ trẻ đang nổi bật,,,,,,,,,,,,,,,,,,,Tìm hiểu về sự kiện nóng hổi nhất,Cung cấp cho tôi sự kiện được đọc nhiều nhất,
Nghe nhạc từ các ban nhạc Indie Việt nam có tiếng,,,,,,,,,,,,,,,,,,,Kể tôi nghe về sự kiện nóng hổi nhất,Những sự kiện được đọc nhiều nhất đang diễn ra hiện tại,
Phát nhạc Bolero Việt nam với tiếng hát đằm thắm và ấm áp,,,,,,,,,,,,,,,,,,,Tìm cho tôi sự kiện nóng hổi,Tiêu điểm sự kiện được đọc nhiều nhất,
Tìm nhạc Rap Việt nam của các nghệ sĩ có phong cách riêng,,,,,,,,,,,,,,,,,,,Kể cho tôi những sự kiện nóng hổi đã xảy ra,Đưa tôi sự kiện được đọc nhiều nhất,
Nghe nhạc nhẹ nhàng dành cho buổi picnic cuối tuần,,,,,,,,,,,,,,,,,,,Cung cấp cho tôi sự kiện nóng hổi nhất,Diễn biến sự kiện được đọc nhiều nhất,
Phát nhạc Rock Việt nam của các nghệ sĩ có phong cách độc đáo,,,,,,,,,,,,,,,,,,,Những sự kiện nóng hổi đang diễn ra hiện tại,Kể cho tôi những sự kiện được đọc nhiều nhất đang diễn ra,
Phát danh sách phát,,,,,,,,,,,,,,,,,,,Tiêu điểm sự kiện nóng hổi nhất,Tìm hiểu cho tôi sự kiện được đọc nhiều nhất đang diễn ra,
Tìm bài hát,,,,,,,,,,,,,,,,,,,Đưa tôi sự kiện nóng hổi nhất,Tìm cho tôi sự kiện được đọc nhiều nhất,
Tìm nghệ sĩ,,,,,,,,,,,,,,,,,,,Diễn biến sự kiện nóng hổi nhất,Cập nhập những sự kiện được đọc nhiều nhất,
Tìm album,,,,,,,,,,,,,,,,,,,Kể cho tôi những sự kiện nóng hổi nhất đang diễn ra,Tìm kiếm sự kiện được đọc nhiều nhất,
Tìm theo thể loại,,,,,,,,,,,,,,,,,,,Tìm hiểu cho tôi sự kiện nóng hổi nhất đang diễn ra,1 số sự kiện được đọc nhiều nhất,
Tìm theo bài hát,,,,,,,,,,,,,,,,,,,Tìm cho tôi sự kiện nóng hổi nhất,sự kiện được đọc nhiều nhất hôm nay là gì,
Tìm theo nghệ sĩ,,,,,,,,,,,,,,,,,,,Cập nhập những sự kiện gây sốt nhất,Hãy cho tôi biết về sự kiện được đọc nhiều nhất hôm nay,
Tìm theo album,,,,,,,,,,,,,,,,,,,Tìm kiếm sự kiện gây sốt nhất,Cho tôi biết về sự kiện gần nhất,
Tìm nhạc mới,,,,,,,,,,,,,,,,,,,1 số sự kiện gây sốt nhất,Tìm kiếm sự kiện được đọc nhiều nhất,
Tìm ca sĩ hot,,,,,,,,,,,,,,,,,,,sự kiện gây sốt nhất hôm nay là gì,Cập nhập cho tôi sự kiện được đọc nhiều nhất,
Tìm bảng xếp hạng,,,,,,,,,,,,,,,,,,,Hãy cho tôi biết về sự kiện gây sốt nhất hôm nay,Tìm hiểu về sự kiện được đọc nhiều nhất,
Tìm nhạc phim,,,,,,,,,,,,,,,,,,,Cho tôi biết về sự kiện gần nhất,Kể tôi nghe về sự kiện được đọc nhiều nhất,
Tìm nhạc trẻ,,,,,,,,,,,,,,,,,,,Tìm kiếm sự kiện gây sốt nhất,Tìm cho tôi sự kiện được đọc nhiều nhất,
Tìm nhạc rap,,,,,,,,,,,,,,,,,,,Cập nhập cho tôi sự kiện gây sốt nhất,Kể cho tôi những sự kiện được đọc nhiều nhất đã xảy ra,
Tìm nhạc trữ tình,,,,,,,,,,,,,,,,,,,Tìm hiểu về sự kiện gây sốt nhất,Cung cấp cho tôi sự kiện được đọc nhiều nhất,
Tìm nhạc tiền chiến,,,,,,,,,,,,,,,,,,,Kể tôi nghe về sự kiện gây sốt nhất,Những sự kiện được đọc nhiều nhất đang diễn ra hiện tại,
Tìm nhạc thiếu nhi,,,,,,,,,,,,,,,,,,,Tìm cho tôi sự kiện gây sốt nhất,Tiêu điểm sự kiện được đọc nhiều nhất,
Tìm nhạc việt,,,,,,,,,,,,,,,,,,,Kể cho tôi những sự kiện gây sốt nhất đã xảy ra,Đưa tôi sự kiện được đọc nhiều nhất,
Tìm nhạc nước ngoài,,,,,,,,,,,,,,,,,,,Cung cấp cho tôi sự kiện gây sốt nhất,Diễn biến sự kiện được đọc nhiều nhất,
Tìm nhạc hàn quốc,,,,,,,,,,,,,,,,,,,Những sự kiện gây sốt nhất đang diễn ra hiện tại,Kể cho tôi những sự kiện được đọc nhiều nhất đang diễn ra,
Tìm nhạc nhật bản,,,,,,,,,,,,,,,,,,,Tiêu điểm sự kiện gây sốt nhất,Tìm hiểu cho tôi sự kiện được đọc nhiều nhất đang diễn ra,
Tìm nhạc hoa ngữ,,,,,,,,,,,,,,,,,,,Đưa tôi sự kiện gây sốt nhất,Tìm cho tôi sự kiện được đọc nhiều nhất,
Mở bài hát chúng ta yêu nhau,,,,,,,,,,,,,,,,,,,Diễn biến sự kiện gây sốt nhất,Cập nhập những sự kiện được đọc nhiều nhất,
,,,,,,,,,,,,,,,,,,,Kể cho tôi những sự kiện gây sốt nhất đang diễn ra,Tìm kiếm sự kiện được đọc nhiều nhất,
,,,,,,,,,,,,,,,,,,,Tìm hiểu cho tôi sự kiện gây sốt nhất đang diễn ra,1 số sự kiện được đọc nhiều nhất,
,,,,,,,,,,,,,,,,,,,Tìm cho tôi sự kiện gây sốt nhất,sự kiện được đọc nhiều nhất hôm nay là gì,
,,,,,,,,,,,,,,,,,,,Cập nhập những sự kiện hot nhất,Hãy cho tôi biết về sự kiện được đọc nhiều nhất hôm nay,
,,,,,,,,,,,,,,,,,,,Tìm kiếm sự kiện hot nhất,Hãy cho tôi biết về sự kiện được đọc nhiều nhất hôm nay,
,,,,,,,,,,,,,,,,,,,1 số sự kiện hot nhất,Cho tôi biết về sự kiện gần nhất,
,,,,,,,,,,,,,,,,,,,sự kiện hot nhất hôm nay là gì,Tìm kiếm sự kiện được đọc nhiều nhất,
,,,,,,,,,,,,,,,,,,,Hãy cho tôi biết về sự kiện hot nhất hôm nay,Cập nhập cho tôi sự kiện được đọc nhiều nhất,
,,,,,,,,,,,,,,,,,,,Hãy cho tôi biết về sự kiện hot nhất hôm nay,Tìm hiểu về sự kiện được đọc nhiều nhất,
,,,,,,,,,,,,,,,,,,,Cho tôi biết về sự kiện gần nhất,Kể tôi nghe về sự kiện được đọc nhiều nhất,
,,,,,,,,,,,,,,,,,,,Tìm kiếm sự kiện hot nhất,Tìm cho tôi sự kiện được đọc nhiều nhất,
,,,,,,,,,,,,,,,,,,,Cập nhập cho tôi sự kiện hot nhất,Kể cho tôi những sự kiện được đọc nhiều nhất đã xảy ra,
,,,,,,,,,,,,,,,,,,,Tìm hiểu về sự kiện hot nhất,Cung cấp cho tôi sự kiện được đọc nhiều nhất,
,,,,,,,,,,,,,,,,,,,Kể tôi nghe về sự kiện hot nhất,Những sự kiện được đọc nhiều nhất đang diễn ra hiện tại,
,,,,,,,,,,,,,,,,,,,Tìm cho tôi sự kiện hot nhất,Tiêu điểm sự kiện được đọc nhiều nhất,
,,,,,,,,,,,,,,,,,,,Kể cho tôi những sự kiện hot nhất đã xảy ra,Đưa tôi sự kiện được đọc nhiều nhất,
,,,,,,,,,,,,,,,,,,,Cung cấp cho tôi sự kiện hot nhất,Diễn biến sự kiện được đọc nhiều nhất,
,,,,,,,,,,,,,,,,,,,Những sự kiện hot nhất đang diễn ra hiện tại,Kể cho tôi những sự kiện được đọc nhiều nhất đang diễn ra,
,,,,,,,,,,,,,,,,,,,Tiêu điểm sự kiện hot nhất,Tìm hiểu cho tôi sự kiện được đọc nhiều nhất đang diễn ra,
,,,,,,,,,,,,,,,,,,,Đưa tôi sự kiện hot nhất,Tìm cho tôi sự kiện được đọc nhiều nhất,
,,,,,,,,,,,,,,,,,,,Diễn biến sự kiện hot nhất,,
,,,,,,,,,,,,,,,,,,,Kể cho tôi những sự kiện hot nhất đang diễn ra,,
,,,,,,,,,,,,,,,,,,,Tìm hiểu cho tôi sự kiện hot nhất đang diễn ra,,
,,,,,,,,,,,,,,,,,,,Tìm cho tôi sự kiện hot nhất,,
,,,,,,,,,,,,,,,,,,,,,
,,,,,,,,,,,,,,,,,,,,,
,,,,,,,,,,,,,,,,,,,,,
,,,,,,,,,,,,,,,,,,,,,
,,,,,,,,,,,,,,,,,,,,,
,,,,,,,,,,,,,,,,,,,,,
,,,,,,,,,,,,,,,,,,,,,
,,,,,,,,,,,,,,,,,,,,,
,,,,,,,,,,,,,,,,,,,,,
,,,,,,,,,,,,,,,,,,,,,
,,,,,,,,,,,,,,,,,,,,,
,,,,,,,,,,,,,,,,,,,,,
,,,,,,,,,,,,,,,,,,,,,
,,,,,,,,,,,,,,,,,,,,,
,,,,,,,,,,,,,,,,,,,,,
,,,,,,,,,,,,,,,,,,,,,
,,,,,,,,,,,,,,,,,,,,,
,,,,,,,,,,,,,,,,,,,,,
,,,,,,,,,,,,,,,,,,,,,
,,,,,,,,,,,,,,,,,,,,,
,,,,,,,,,,,,,,,,,,,,,
,,,,,,,,,,,,,,,,,,,,,
,,,,,,,,,,,,,,,,,,,,,
,,,,,,,,,,,,,,,,,,,,,
,,,,,,,,,,,,,,,,,,,,,
,,,,,,,,,,,,,,,,,,,,,
,,,,,,,,,,,,,,,,,,,,,
,,,,,,,,,,,,,,,,,,,,,
,,,,,,,,,,,,,,,,,,,,,
,,,,,,,,,,,,,,,,,,,,,
,,,,,,,,,,,,,,,,,,,,,
,,,,,,,,,,,,,,,,,,,,,
,,,,,,,,,,,,,,,,,,,,,
,,,,,,,,,,,,,,,,,,,,,
,,,,,,,,,,,,,,,,,,,,,
,,,,,,,,,,,,,,,,,,,,,
,,,,,,,,,,,,,,,,,,,,,
,,,,,,,,,,,,,,,,,,,,,
,,,,,,,,,,,,,,,,,,,,,
,,,,,,,,,,,,,,,,,,,,,
,,,,,,,,,,,,,,,,,,,,,
,,,,,,,,,,,,,,,,,,,,,
,,,,,,,,,,,,,,,,,,,,,
,,,,,,,,,,,,,,,,,,,,,
,,,,,,,,,,,,,,,,,,,,,
,,,,,,,,,,,,,,,,,,,,,
,,,,,,,,,,,,,,,,,,,,,
,,,,,,,,,,,,,,,,,,,,,
,,,,,,,,,,,,,,,,,,,,,
,,,,,,,,,,,,,,,,,,,,,
,,,,,,,,,,,,,,,,,,,,,
,,,,,,,,,,,,,,,,,,,,,
,,,,,,,,,,,,,,,,,,,,,
,,,,,,,,,,,,,,,,,,,,,
,,,,,,,,,,,,,,,,,,,,,
,,,,,,,,,,,,,,,,,,,,,
,,,,,,,,,,,,,,,,,,,,,
,,,,,,,,,,,,,,,,,,,,,
,,,,,,,,,,,,,,,,,,,,,
,,,,,,,,,,,,,,,,,,,,,
,,,,,,,,,,,,,,,,,,,,,
,,,,,,,,,,,,,,,,,,,,,
,,,,,,,,,,,,,,,,,,,,,
,,,,,,,,,,,,,,,,,,,,,
,,,,,,,,,,,,,,,,,,,,,
,,,,,,,,,,,,,,,,,,,,,
,,,,,,,,,,,,,,,,,,,,,
,,,,,,,,,,,,,,,,,,,,,
,,,,,,,,,,,,,,,,,,,,,
,,,,,,,,,,,,,,,,,,,,,
,,,,,,,,,,,,,,,,,,,,,
,,,,,,,,,,,,,,,,,,,,,
,,,,,,,,,,,,,,,,,,,,,
,,,,,,,,,,,,,,,,,,,,,
,,,,,,,,,,,,,,,,,,,,,
,,,,,,,,,,,,,,,,,,,,,
,,,,,,,,,,,,,,,,,,,,,
,,,,,,,,,,,,,,,,,,,,,
,,,,,,,,,,,,,,,,,,,,,
,,,,,,,,,,,,,,,,,,,,,
,,,,,,,,,,,,,,,,,,,,,
,,,,,,,,,,,,,,,,,,,,,
,,,,,,,,,,,,,,,,,,,,,
,,,,,,,,,,,,,,,,,,,,,
,,,,,,,,,,,,,,,,,,,,,
,,,,,,,,,,,,,,,,,,,,,
,,,,,,,,,,,,,,,,,,,,,
,,,,,,,,,,,,,,,,,,,,,
,,,,,,,,,,,,,,,,,,,,,
,,,,,,,,,,,,,,,,,,,,,
,,,,,,,,,,,,,,,,,,,,,
,,,,,,,,,,,,,,,,,,,,,
,,,,,,,,,,,,,,,,,,,,,
,,,,,,,,,,,,,,,,,,,,,
,,,,,,,,,,,,,,,,,,,,,
,,,,,,,,,,,,,,,,,,,,,
,,,,,,,,,,,,,,,,,,,,,
,,,,,,,,,,,,,,,,,,,,,
,,,,,,,,,,,,,,,,,,,,,
,,,,,,,,,,,,,,,,,,,,,
,,,,,,,,,,,,,,,,,,,,,
,,,,,,,,,,,,,,,,,,,,,
,,,,,,,,,,,,,,,,,,,,,
,,,,,,,,,,,,,,,,,,,,,
,,,,,,,,,,,,,,,,,,,,,
,,,,,,,,,,,,,,,,,,,,,
,,,,,,,,,,,,,,,,,,,,,
,,,,,,,,,,,,,,,,,,,,,
,,,,,,,,,,,,,,,,,,,,,
,,,,,,,,,,,,,,,,,,,,,
,,,,,,,,,,,,,,,,,,,,,
,,,,,,,,,,,,,,,,,,,,,
,,,,,,,,,,,,,,,,,,,,,
,,,,,,,,,,,,,,,,,,,,,
,,,,,,,,,,,,,,,,,,,,,
,,,,,,,,,,,,,,,,,,,,,
,,,,,,,,,,,,,,,,,,,,,
,,,,,,,,,,,,,,,,,,,,,
,,,,,,,,,,,,,,,,,,,,,
,,,,,,,,,,,,,,,,,,,,,
,,,,,,,,,,,,,,,,,,,,,
,,,,,,,,,,,,,,,,,,,,,
,,,,,,,,,,,,,,,,,,,,,
,,,,,,,,,,,,,,,,,,,,,
,,,,,,,,,,,,,,,,,,,,,
,,,,,,,,,,,,,,,,,,,,,
,,,,,,,,,,,,,,,,,,,,,
,,,,,,,,,,,,,,,,,,,,,
,,,,,,,,,,,,,,,,,,,,,
,,,,,,,,,,,,,,,,,,,,,
,,,,,,,,,,,,,,,,,,,,,
,,,,,,,,,,,,,,,,,,,,,
,,,,,,,,,,,,,,,,,,,,,
,,,,,,,,,,,,,,,,,,,,,
,,,,,,,,,,,,,,,,,,,,,
,,,,,,,,,,,,,,,,,,,,,
,,,,,,,,,,,,,,,,,,,,,
,,,,,,,,,,,,,,,,,,,,,
,,,,,,,,,,,,,,,,,,,,,
,,,,,,,,,,,,,,,,,,,,,
,,,,,,,,,,,,,,,,,,,,,
,,,,,,,,,,,,,,,,,,,,,
,,,,,,,,,,,,,,,,,,,,,
,,,,,,,,,,,,,,,,,,,,,
,,,,,,,,,,,,,,,,,,,,,
,,,,,,,,,,,,,,,,,,,,,
,,,,,,,,,,,,,,,,,,,,,
,,,,,,,,,,,,,,,,,,,,,
,,,,,,,,,,,,,,,,,,,,,
,,,,,,,,,,,,,,,,,,,,,
,,,,,,,,,,,,,,,,,,,,,
,,,,,,,,,,,,,,,,,,,,,
,,,,,,,,,,,,,,,,,,,,,
,,,,,,,,,,,,,,,,,,,,,
,,,,,,,,,,,,,,,,,,,,,
,,,,,,,,,,,,,,,,,,,,,
,,,,,,,,,,,,,,,,,,,,,
,,,,,,,,,,,,,,,,,,,,,
,,,,,,,,,,,,,,,,,,,,,
,,,,,,,,,,,,,,,,,,,,,
,,,,,,,,,,,,,,,,,,,,,
,,,,,,,,,,,,,,,,,,,,,
,,,,,,,,,,,,,,,,,,,,,
,,,,,,,,,,,,,,,,,,,,,
,,,,,,,,,,,,,,,,,,,,,
,,,,,,,,,,,,,,,,,,,,,
,,,,,,,,,,,,,,,,,,,,,
,,,,,,,,,,,,,,,,,,,,,
,,,,,,,,,,,,,,,,,,,,,
,,,,,,,,,,,,,,,,,,,,,
,,,,,,,,,,,,,,,,,,,,,
,,,,,,,,,,,,,,,,,,,,,
,,,,,,,,,,,,,,,,,,,,,
,,,,,,,,,,,,,,,,,,,,,
,,,,,,,,,,,,,,,,,,,,,
,,,,,,,,,,,,,,,,,,,,,
,,,,,,,,,,,,,,,,,,,,,
,,,,,,,,,,,,,,,,,,,,,
,,,,,,,,,,,,,,,,,,,,,
,,,,,,,,,,,,,,,,,,,,,
,,,,,,,,,,,,,,,,,,,,,
,,,,,,,,,,,,,,,,,,,,,
,,,,,,,,,,,,,,,,,,,,,
,,,,,,,,,,,,,,,,,,,,,
,,,,,,,,,,,,,,,,,,,,,
,,,,,,,,,,,,,,,,,,,,,
,,,,,,,,,,,,,,,,,,,,,
,,,,,,,,,,,,,,,,,,,,,
,,,,,,,,,,,,,,,,,,,,,
,,,,,,,,,,,,,,,,,,,,,
,,,,,,,,,,,,,,,,,,,,,
,,,,,,,,,,,,,,,,,,,,,
,,,,,,,,,,,,,,,,,,,,,
,,,,,,,,,,,,,,,,,,,,,
,,,,,,,,,,,,,,,,,,,,,
,,,,,,,,,,,,,,,,,,,,,
,,,,,,,,,,,,,,,,,,,,,
,,,,,,,,,,,,,,,,,,,,,
,,,,,,,,,,,,,,,,,,,,,
,,,,,,,,,,,,,,,,,,,,,
,,,,,,,,,,,,,,,,,,,,,
,,,,,,,,,,,,,,,,,,,,,
,,,,,,,,,,,,,,,,,,,,,
,,,,,,,,,,,,,,,,,,,,,
,,,,,,,,,,,,,,,,,,,,,
,,,,,,,,,,,,,,,,,,,,,
,,,,,,,,,,,,,,,,,,,,,
,,,,,,,,,,,,,,,,,,,,,
,,,,,,,,,,,,,,,,,,,,,
,,,,,,,,,,,,,,,,,,,,,
,,,,,,,,,,,,,,,,,,,,,
,,,,,,,,,,,,,,,,,,,,,
,,,,,,,,,,,,,,,,,,,,,
,,,,,,,,,,,,,,,,,,,,,
,,,,,,,,,,,,,,,,,,,,,
,,,,,,,,,,,,,,,,,,,,,
,,,,,,,,,,,,,,,,,,,,,
,,,,,,,,,,,,,,,,,,,,,
,,,,,,,,,,,,,,,,,,,,,
,,,,,,,,,,,,,,,,,,,,,
,,,,,,,,,,,,,,,,,,,,,
,,,,,,,,,,,,,,,,,,,,,
,,,,,,,,,,,,,,,,,,,,,
,,,,,,,,,,,,,,,,,,,,,
,,,,,,,,,,,,,,,,,,,,,
,,,,,,,,,,,,,,,,,,,,,
,,,,,,,,,,,,,,,,,,,,,
,,,,,,,,,,,,,,,,,,,,,
,,,,,,,,,,,,,,,,,,,,,
,,,,,,,,,,,,,,,,,,,,,
,,,,,,,,,,,,,,,,,,,,,
,,,,,,,,,,,,,,,,,,,,,
,,,,,,,,,,,,,,,,,,,,,
,,,,,,,,,,,,,,,,,,,,,
,,,,,,,,,,,,,,,,,,,,,
,,,,,,,,,,,,,,,,,,,,,
,,,,,,,,,,,,,,,,,,,,,
,,,,,,,,,,,,,,,,,,,,,
,,,,,,,,,,,,,,,,,,,,,
,,,,,,,,,,,,,,,,,,,,,
,,,,,,,,,,,,,,,,,,,,,
,,,,,,,,,,,,,,,,,,,,,
,,,,,,,,,,,,,,,,,,,,,
,,,,,,,,,,,,,,,,,,,,,
,,,,,,,,,,,,,,,,,,,,,
,,,,,,,,,,,,,,,,,,,,,
,,,,,,,,,,,,,,,,,,,,,
,,,,,,,,,,,,,,,,,,,,,
,,,,,,,,,,,,,,,,,,,,,
,,,,,,,,,,,,,,,,,,,,,
,,,,,,,,,,,,,,,,,,,,,
,,,,,,,,,,,,,,,,,,,,,
,,,,,,,,,,,,,,,,,,,,,
,,,,,,,,,,,,,,,,,,,,,
,,,,,,,,,,,,,,,,,,,,,
,,,,,,,,,,,,,,,,,,,,,
,,,,,,,,,,,,,,,,,,,,,
,,,,,,,,,,,,,,,,,,,,,
,,,,,,,,,,,,,,,,,,,,,
,,,,,,,,,,,,,,,,,,,,,
,,,,,,,,,,,,,,,,,,,,,
,,,,,,,,,,,,,,,,,,,,,
,,,,,,,,,,,,,,,,,,,,,
,,,,,,,,,,,,,,,,,,,,,
,,,,,,,,,,,,,,,,,,,,,
,,,,,,,,,,,,,,,,,,,,,
,,,,,,,,,,,,,,,,,,,,,
,,,,,,,,,,,,,,,,,,,,,
,,,,,,,,,,,,,,,,,,,,,
,,,,,,,,,,,,,,,,,,,,,
,,,,,,,,,,,,,,,,,,,,,
,,,,,,,,,,,,,,,,,,,,,
,,,,,,,,,,,,,,,,,,,,,
,,,,,,,,,,,,,,,,,,,,,
,,,,,,,,,,,,,,,,,,,,,
,,,,,,,,,,,,,,,,,,,,,
,,,,,,,,,,,,,,,,,,,,,
,,,,,,,,,,,,,,,,,,,,,
,,,,,,,,,,,,,,,,,,,,,
,,,,,,,,,,,,,,,,,,,,,
,,,,,,,,,,,,,,,,,,,,,
,,,,,,,,,,,,,,,,,,,,,
,,,,,,,,,,,,,,,,,,,,,
,,,,,,,,,,,,,,,,,,,,,
,,,,,,,,,,,,,,,,,,,,,
,,,,,,,,,,,,,,,,,,,,,
,,,,,,,,,,,,,,,,,,,,,
,,,,,,,,,,,,,,,,,,,,,
,,,,,,,,,,,,,,,,,,,,,
,,,,,,,,,,,,,,,,,,,,,
,,,,,,,,,,,,,,,,,,,,,
,,,,,,,,,,,,,,,,,,,,,
,,,,,,,,,,,,,,,,,,,,,
,,,,,,,,,,,,,,,,,,,,,
,,,,,,,,,,,,,,,,,,,,,
,,,,,,,,,,,,,,,,,,,,,
,,,,,,,,,,,,,,,,,,,,,
,,,,,,,,,,,,,,,,,,,,,
,,,,,,,,,,,,,,,,,,,,,
,,,,,,,,,,,,,,,,,,,,,
,,,,,,,,,,,,,,,,,,,,,
,,,,,,,,,,,,,,,,,,,,,
,,,,,,,,,,,,,,,,,,,,,
,,,,,,,,,,,,,,,,,,,,,
,,,,,,,,,,,,,,,,,,,,,
,,,,,,,,,,,,,,,,,,,,,
,,,,,,,,,,,,,,,,,,,,,
,,,,,,,,,,,,,,,,,,,,,
,,,,,,,,,,,,,,,,,,,,,
,,,,,,,,,,,,,,,,,,,,,
,,,,,,,,,,,,,,,,,,,,,
,,,,,,,,,,,,,,,,,,,,,
,,,,,,,,,,,,,,,,,,,,,
,,,,,,,,,,,,,,,,,,,,,
,,,,,,,,,,,,,,,,,,,,,
,,,,,,,,,,,,,,,,,,,,,
,,,,,,,,,,,,,,,,,,,,,
,,,,,,,,,,,,,,,,,,,,,
,,,,,,,,,,,,,,,,,,,,,
,,,,,,,,,,,,,,,,,,,,,
,,,,,,,,,,,,,,,,,,,,,
,,,,,,,,,,,,,,,,,,,,,
,,,,,,,,,,,,,,,,,,,,,
,,,,,,,,,,,,,,,,,,,,,
,,,,,,,,,,,,,,,,,,,,,
,,,,,,,,,,,,,,,,,,,,,
,,,,,,,,,,,,,,,,,,,,,
,,,,,,,,,,,,,,,,,,,,,
,,,,,,,,,,,,,,,,,,,,,
,,,,,,,,,,,,,,,,,,,,,
,,,,,,,,,,,,,,,,,,,,,
,,,,,,,,,,,,,,,,,,,,,
,,,,,,,,,,,,,,,,,,,,,
,,,,,,,,,,,,,,,,,,,,,
,,,,,,,,,,,,,,,,,,,,,
,,,,,,,,,,,,,,,,,,,,,
,,,,,,,,,,,,,,,,,,,,,
,,,,,,,,,,,,,,,,,,,,,
,,,,,,,,,,,,,,,,,,,,,
,,,,,,,,,,,,,,,,,,,,,
,,,,,,,,,,,,,,,,,,,,,
,,,,,,,,,,,,,,,,,,,,,
,,,,,,,,,,,,,,,,,,,,,
,,,,,,,,,,,,,,,,,,,,,
,,,,,,,,,,,,,,,,,,,,,
,,,,,,,,,,,,,,,,,,,,,
,,,,,,,,,,,,,,,,,,,,,
,,,,,,,,,,,,,,,,,,,,,
,,,,,,,,,,,,,,,,,,,,,
,,,,,,,,,,,,,,,,,,,,,
,,,,,,,,,,,,,,,,,,,,,
,,,,,,,,,,,,,,,,,,,,,
,,,,,,,,,,,,,,,,,,,,,
,,,,,,,,,,,,,,,,,,,,,
,,,,,,,,,,,,,,,,,,,,,
,,,,,,,,,,,,,,,,,,,,,
,,,,,,,,,,,,,,,,,,,,,
,,,,,,,,,,,,,,,,,,,,,
,,,,,,,,,,,,,,,,,,,,,
,,,,,,,,,,,,,,,,,,,,,
,,,,,,,,,,,,,,,,,,,,,
,,,,,,,,,,,,,,,,,,,,,
,,,,,,,,,,,,,,,,,,,,,
,,,,,,,,,,,,,,,,,,,,,
,,,,,,,,,,,,,,,,,,,,,
,,,,,,,,,,,,,,,,,,,,,
,,,,,,,,,,,,,,,,,,,,,
,,,,,,,,,,,,,,,,,,,,,
,,,,,,,,,,,,,,,,,,,,,
,,,,,,,,,,,,,,,,,,,,,
,,,,,,,,,,,,,,,,,,,,,
,,,,,,,,,,,,,,,,,,,,,
,,,,,,,,,,,,,,,,,,,,,
,,,,,,,,,,,,,,,,,,,,,
,,,,,,,,,,,,,,,,,,,,,
,,,,,,,,,,,,,,,,,,,,,
,,,,,,,,,,,,,,,,,,,,,
,,,,,,,,,,,,,,,,,,,,,
,,,,,,,,,,,,,,,,,,,,,
,,,,,,,,,,,,,,,,,,,,,
,,,,,,,,,,,,,,,,,,,,,
,,,,,,,,,,,,,,,,,,,,,
,,,,,,,,,,,,,,,,,,,,,
,,,,,,,,,,,,,,,,,,,,,
,,,,,,,,,,,,,,,,,,,,,
,,,,,,,,,,,,,,,,,,,,,
,,,,,,,,,,,,,,,,,,,,,
,,,,,,,,,,,,,,,,,,,,,
,,,,,,,,,,,,,,,,,,,,,
,,,,,,,,,,,,,,,,,,,,,
,,,,,,,,,,,,,,,,,,,,,
,,,,,,,,,,,,,,,,,,,,,
,,,,,,,,,,,,,,,,,,,,,
,,,,,,,,,,,,,,,,,,,,,
,,,,,,,,,,,,,,,,,,,,,
,,,,,,,,,,,,,,,,,,,,,
,,,,,,,,,,,,,,,,,,,,,
,,,,,,,,,,,,,,,,,,,,,
,,,,,,,,,,,,,,,,,,,,,
,,,,,,,,,,,,,,,,,,,,,
,,,,,,,,,,,,,,,,,,,,,
,,,,,,,,,,,,,,,,,,,,,
,,,,,,,,,,,,,,,,,,,,,
,,,,,,,,,,,,,,,,,,,,,
,,,,,,,,,,,,,,,,,,,,,
,,,,,,,,,,,,,,,,,,,,,
,,,,,,,,,,,,,,,,,,,,,
,,,,,,,,,,,,,,,,,,,,,
,,,,,,,,,,,,,,,,,,,,,
,,,,,,,,,,,,,,,,,,,,,
,,,,,,,,,,,,,,,,,,,,,
,,,,,,,,,,,,,,,,,,,,,
,,,,,,,,,,,,,,,,,,,,,
,,,,,,,,,,,,,,,,,,,,,
,,,,,,,,,,,,,,,,,,,,,
,,,,,,,,,,,,,,,,,,,,,
,,,,,,,,,,,,,,,,,,,,,
,,,,,,,,,,,,,,,,,,,,,
,,,,,,,,,,,,,,,,,,,,,
,,,,,,,,,,,,,,,,,,,,,
,,,,,,,,,,,,,,,,,,,,,
,,,,,,,,,,,,,,,,,,,,,
,,,,,,,,,,,,,,,,,,,,,
,,,,,,,,,,,,,,,,,,,,,
,,,,,,,,,,,,,,,,,,,,,
,,,,,,,,,,,,,,,,,,,,,
,,,,,,,,,,,,,,,,,,,,,
,,,,,,,,,,,,,,,,,,,,,
,,,,,,,,,,,,,,,,,,,,,
,,,,,,,,,,,,,,,,,,,,,
,,,,,,,,,,,,,,,,,,,,,
,,,,,,,,,,,,,,,,,,,,,
,,,,,,,,,,,,,,,,,,,,,
,,,,,,,,,,,,,,,,,,,,,
,,,,,,,,,,,,,,,,,,,,,
,,,,,,,,,,,,,,,,,,,,,
,,,,,,,,,,,,,,,,,,,,,
,,,,,,,,,,,,,,,,,,,,,
,,,,,,,,,,,,,,,,,,,,,
,,,,,,,,,,,,,,,,,,,,,
,,,,,,,,,,,,,,,,,,,,,
,,,,,,,,,,,,,,,,,,,,,
,,,,,,,,,,,,,,,,,,,,,
,,,,,,,,,,,,,,,,,,,,,
,,,,,,,,,,,,,,,,,,,,,
,,,,,,,,,,,,,,,,,,,,,
,,,,,,,,,,,,,,,,,,,,,
,,,,,,,,,,,,,,,,,,,,,
,,,,,,,,,,,,,,,,,,,,,
,,,,,,,,,,,,,,,,,,,,,
,,,,,,,,,,,,,,,,,,,,,
,,,,,,,,,,,,,,,,,,,,,
,,,,,,,,,,,,,,,,,,,,,
,,,,,,,,,,,,,,,,,,,,,
,,,,,,,,,,,,,,,,,,,,,
,,,,,,,,,,,,,,,,,,,,,
,,,,,,,,,,,,,,,,,,,,,
,,,,,,,,,,,,,,,,,,,,,
,,,,,,,,,,,,,,,,,,,,,
,,,,,,,,,,,,,,,,,,,,,
,,,,,,,,,,,,,,,,,,,,,
,,,,,,,,,,,,,,,,,,,,,
,,,,,,,,,,,,,,,,,,,,,
,,,,,,,,,,,,,,,,,,,,,
,,,,,,,,,,,,,,,,,,,,,
,,,,,,,,,,,,,,,,,,,,,
,,,,,,,,,,,,,,,,,,,,,
,,,,,,,,,,,,,,,,,,,,,
,,,,,,,,,,,,,,,,,,,,,
,,,,,,,,,,,,,,,,,,,,,
,,,,,,,,,,,,,,,,,,,,,
,,,,,,,,,,,,,,,,,,,,,
,,,,,,,,,,,,,,,,,,,,,
,,,,,,,,,,,,,,,,,,,,,
,,,,,,,,,,,,,,,,,,,,,
,,,,,,,,,,,,,,,,,,,,,
,,,,,,,,,,,,,,,,,,,,,
,,,,,,,,,,,,,,,,,,,,,
,,,,,,,,,,,,,,,,,,,,,
,,,,,,,,,,,,,,,,,,,,,
,,,,,,,,,,,,,,,,,,,,,
,,,,,,,,,,,,,,,,,,,,,
,,,,,,,,,,,,,,,,,,,,,
,,,,,,,,,,,,,,,,,,,,,
,,,,,,,,,,,,,,,,,,,,,
,,,,,,,,,,,,,,,,,,,,,
,,,,,,,,,,,,,,,,,,,,,
,,,,,,,,,,,,,,,,,,,,,
,,,,,,,,,,,,,,,,,,,,,
,,,,,,,,,,,,,,,,,,,,,
,,,,,,,,,,,,,,,,,,,,,
,,,,,,,,,,,,,,,,,,,,,
,,,,,,,,,,,,,,,,,,,,,
,,,,,,,,,,,,,,,,,,,,,
,,,,,,,,,,,,,,,,,,,,,
,,,,,,,,,,,,,,,,,,,,,
,,,,,,,,,,,,,,,,,,,,,
,,,,,,,,,,,,,,,,,,,,,
,,,,,,,,,,,,,,,,,,,,,
,,,,,,,,,,,,,,,,,,,,,
,,,,,,,,,,,,,,,,,,,,,
,,,,,,,,,,,,,,,,,,,,,
,,,,,,,,,,,,,,,,,,,,,
,,,,,,,,,,,,,,,,,,,,,
,,,,,,,,,,,,,,,,,,,,,
,,,,,,,,,,,,,,,,,,,,,
,,,,,,,,,,,,,,,,,,,,,
,,,,,,,,,,,,,,,,,,,,,
,,,,,,,,,,,,,,,,,,,,,
,,,,,,,,,,,,,,,,,,,,,
,,,,,,,,,,,,,,,,,,,,,
,,,,,,,,,,,,,,,,,,,,,
,,,,,,,,,,,,,,,,,,,,,
,,,,,,,,,,,,,,,,,,,,,
,,,,,,,,,,,,,,,,,,,,,
,,,,,,,,,,,,,,,,,,,,,
,,,,,,,,,,,,,,,,,,,,,
,,,,,,,,,,,,,,,,,,,,,
,,,,,,,,,,,,,,,,,,,,,
,,,,,,,,,,,,,,,,,,,,,
,,,,,,,,,,,,,,,,,,,,,
,,,,,,,,,,,,,,,,,,,,,
,,,,,,,,,,,,,,,,,,,,,
,,,,,,,,,,,,,,,,,,,,,
,,,,,,,,,,,,,,,,,,,,,
,,,,,,,,,,,,,,,,,,,,,
,,,,,,,,,,,,,,,,,,,,,
,,,,,,,,,,,,,,,,,,,,,
,,,,,,,,,,,,,,,,,,,,,
,,,,,,,,,,,,,,,,,,,,,
,,,,,,,,,,,,,,,,,,,,,
,,,,,,,,,,,,,,,,,,,,,
,,,,,,,,,,,,,,,,,,,,,
,,,,,,,,,,,,,,,,,,,,,
,,,,,,,,,,,,,,,,,,,,,
,,,,,,,,,,,,,,,,,,,,,
,,,,,,,,,,,,,,,,,,,,,
,,,,,,,,,,,,,,,,,,,,,
,,,,,,,,,,,,,,,,,,,,,
,,,,,,,,,,,,,,,,,,,,,
,,,,,,,,,,,,,,,,,,,,,
,,,,,,,,,,,,,,,,,,,,,
,,,,,,,,,,,,,,,,,,,,,
,,,,,,,,,,,,,,,,,,,,,
,,,,,,,,,,,,,,,,,,,,,
,,,,,,,,,,,,,,,,,,,,,
,,,,,,,,,,,,,,,,,,,,,
,,,,,,,,,,,,,,,,,,,,,
,,,,,,,,,,,,,,,,,,,,,
,,,,,,,,,,,,,,,,,,,,,
,,,,,,,,,,,,,,,,,,,,,
,,,,,,,,,,,,,,,,,,,,,
,,,,,,,,,,,,,,,,,,,,,
,,,,,,,,,,,,,,,,,,,,,
,,,,,,,,,,,,,,,,,,,,,
,,,,,,,,,,,,,,,,,,,,,
,,,,,,,,,,,,,,,,,,,,,
,,,,,,,,,,,,,,,,,,,,,
,,,,,,,,,,,,,,,,,,,,,
,,,,,,,,,,,,,,,,,,,,,
,,,,,,,,,,,,,,,,,,,,,
,,,,,,,,,,,,,,,,,,,,,
,,,,,,,,,,,,,,,,,,,,,
,,,,,,,,,,,,,,,,,,,,,
,,,,,,,,,,,,,,,,,,,,,
,,,,,,,,,,,,,,,,,,,,,
,,,,,,,,,,,,,,,,,,,,,
,,,,,,,,,,,,,,,,,,,,,
,,,,,,,,,,,,,,,,,,,,,
,,,,,,,,,,,,,,,,,,,,,
,,,,,,,,,,,,,,,,,,,,,
,,,,,,,,,,,,,,,,,,,,,
,,,,,,,,,,,,,,,,,,,,,
,,,,,,,,,,,,,,,,,,,,,
,,,,,,,,,,,,,,,,,,,,,
,,,,,,,,,,,,,,,,,,,,,
,,,,,,,,,,,,,,,,,,,,,
,,,,,,,,,,,,,,,,,,,,,
,,,,,,,,,,,,,,,,,,,,,
,,,,,,,,,,,,,,,,,,,,,
,,,,,,,,,,,,,,,,,,,,,
,,,,,,,,,,,,,,,,,,,,,
,,,,,,,,,,,,,,,,,,,,,
,,,,,,,,,,,,,,,,,,,,,
,,,,,,,,,,,,,,,,,,,,,
,,,,,,,,,,,,,,,,,,,,,
,,,,,,,,,,,,,,,,,,,,,
,,,,,,,,,,,,,,,,,,,,,
,,,,,,,,,,,,,,,,,,,,,
,,,,,,,,,,,,,,,,,,,,,
,,,,,,,,,,,,,,,,,,,,,
,,,,,,,,,,,,,,,,,,,,,
,,,,,,,,,,,,,,,,,,,,,
,,,,,,,,,,,,,,,,,,,,,
,,,,,,,,,,,,,,,,,,,,,
,,,,,,,,,,,,,,,,,,,,,
,,,,,,,,,,,,,,,,,,,,,
,,,,,,,,,,,,,,,,,,,,,
,,,,,,,,,,,,,,,,,,,,,
,,,,,,,,,,,,,,,,,,,,,
,,,,,,,,,,,,,,,,,,,,,
,,,,,,,,,,,,,,,,,,,,,
,,,,,,,,,,,,,,,,,,,,,
,,,,,,,,,,,,,,,,,,,,,
,,,,,,,,,,,,,,,,,,,,,
,,,,,,,,,,,,,,,,,,,,,
,,,,,,,,,,,,,,,,,,,,,
,,,,,,,,,,,,,,,,,,,,,
,,,,,,,,,,,,,,,,,,,,,
,,,,,,,,,,,,,,,,,,,,,
,,,,,,,,,,,,,,,,,,,,,
,,,,,,,,,,,,,,,,,,,,,
,,,,,,,,,,,,,,,,,,,,,
,,,,,,,,,,,,,,,,,,,,,
,,,,,,,,,,,,,,,,,,,,,
,,,,,,,,,,,,,,,,,,,,,
,,,,,,,,,,,,,,,,,,,,,
,,,,,,,,,,,,,,,,,,,,,
,,,,,,,,,,,,,,,,,,,,,
,,,,,,,,,,,,,,,,,,,,,
,,,,,,,,,,,,,,,,,,,,,
,,,,,,,,,,,,,,,,,,,,,
,,,,,,,,,,,,,,,,,,,,,
,,,,,,,,,,,,,,,,,,,,,
,,,,,,,,,,,,,,,,,,,,,
,,,,,,,,,,,,,,,,,,,,,
,,,,,,,,,,,,,,,,,,,,,
,,,,,,,,,,,,,,,,,,,,,
,,,,,,,,,,,,,,,,,,,,,
,,,,,,,,,,,,,,,,,,,,,
,,,,,,,,,,,,,,,,,,,,,
,,,,,,,,,,,,,,,,,,,,,
,,,,,,,,,,,,,,,,,,,,,
,,,,,,,,,,,,,,,,,,,,,
,,,,,,,,,,,,,,,,,,,,,
,,,,,,,,,,,,,,,,,,,,,
,,,,,,,,,,,,,,,,,,,,,
,,,,,,,,,,,,,,,,,,,,,
,,,,,,,,,,,,,,,,,,,,,
,,,,,,,,,,,,,,,,,,,,,
,,,,,,,,,,,,,,,,,,,,,
,,,,,,,,,,,,,,,,,,,,,
,,,,,,,,,,,,,,,,,,,,,
,,,,,,,,,,,,,,,,,,,,,
,,,,,,,,,,,,,,,,,,,,,
,,,,,,,,,,,,,,,,,,,,,
,,,,,,,,,,,,,,,,,,,,,
,,,,,,,,,,,,,,,,,,,,,
,,,,,,,,,,,,,,,,,,,,,
,,,,,,,,,,,,,,,,,,,,,
,,,,,,,,,,,,,,,,,,,,,
,,,,,,,,,,,,,,,,,,,,,
,,,,,,,,,,,,,,,,,,,,,
,,,,,,,,,,,,,,,,,,,,,
,,,,,,,,,,,,,,,,,,,,,
,,,,,,,,,,,,,,,,,,,,,
,,,,,,,,,,,,,,,,,,,,,
,,,,,,,,,,,,,,,,,,,,,
,,,,,,,,,,,,,,,,,,,,,
,,,,,,,,,,,,,,,,,,,,,
,,,,,,,,,,,,,,,,,,,,,
,,,,,,,,,,,,,,,,,,,,,
,,,,,,,,,,,,,,,,,,,,,
,,,,,,,,,,,,,,,,,,,,,
,,,,,,,,,,,,,,,,,,,,,
,,,,,,,,,,,,,,,,,,,,,
,,,,,,,,,,,,,,,,,,,,,
,,,,,,,,,,,,,,,,,,,,,
,,,,,,,,,,,,,,,,,,,,,
,,,,,,,,,,,,,,,,,,,,,
,,,,,,,,,,,,,,,,,,,,,
,,,,,,,,,,,,,,,,,,,,,
